简易衣柜组装仿实木人造板家用挂储物卧室租房布衣橱收纳大小柜子,show_image,//img.alicdn.com/imgextra/i2/4067177565/O1CN01PjNTQC25kolxUytUB_!!0-item_pic.jpg_60x60q90.jpg,//img.alicdn.com/imgextra/i2/4067177565/O1CN01jjSfUz25kok3auvhH_!!4067177565.jpg_60x60q90.jpg,//img.alicdn.com/imgextra/i2/4067177565/O1CN01hwls3K25kok49tJOt_!!4067177565.jpg_60x60q90.jpg,//img.alicdn.com/imgextra/i2/4067177565/O1CN0110Sneo25kok49tRip_!!4067177565.jpg_60x60q90.jpg,//img.alicdn.com/imgextra/i1/4067177565/O1CN018MNdlu25kok3auzrF_!!4067177565.jpg_60x60q90.jpg
简易衣柜组装仿实木人造板家用挂储物卧室租房布衣橱收纳大小柜子,classify_image,//img.alicdn.com/imgextra/i4/4067177565/O1CN01H2Oluu25kojzxxBP1_!!4067177565.jpg_40x40q90.jpg,//img.alicdn.com/imgextra/i1/4067177565/O1CN01JJ08y425kok2TAf2d_!!4067177565.jpg_40x40q90.jpg,//img.alicdn.com/imgextra/i2/4067177565/O1CN01kLRjla25kok3psfEf_!!4067177565.jpg_40x40q90.jpg,//img.alicdn.com/imgextra/i2/4067177565/O1CN019N50dW25kok3aw4Mk_!!4067177565.jpg_40x40q90.jpg,//img.alicdn.com/imgextra/i2/4067177565/O1CN01aSyZbA25kok2T2Snt_!!4067177565.jpg_40x40q90.jpg,//img.alicdn.com/imgextra/i2/4067177565/O1CN01ux0f6H25kok2T2Snu_!!4067177565.jpg_40x40q90.jpg,//img.alicdn.com/imgextra/i2/4067177565/O1CN015vi3Pj25kok35oI4p_!!4067177565.jpg_40x40q90.jpg,//img.alicdn.com/imgextra/i4/4067177565/O1CN01rDDsDD25kok1cabHi_!!4067177565.jpg_40x40q90.jpg,//img.alicdn.com/imgextra/i3/4067177565/O1CN01cgc8Yw25kok49ueWq_!!4067177565.jpg_40x40q90.jpg,//img.alicdn.com/imgextra/i1/4067177565/O1CN01wZj22l25kok1jevRT_!!4067177565.jpg_40x40q90.jpg,//img.alicdn.com/imgextra/i2/4067177565/O1CN01ckLvIM25kok1jLqP8_!!4067177565.jpg_40x40q90.jpg,//img.alicdn.com/imgextra/i4/4067177565/O1CN01d1kLBE25kok1K3j0W_!!4067177565.jpg_40x40q90.jpg,//img.alicdn.com/imgextra/i4/4067177565/O1CN01zUyVvt25kok1840OP_!!4067177565.jpg_40x40q90.jpg,//img.alicdn.com/imgextra/i4/4067177565/O1CN01H2Oluu25kojzxxBP1_!!4067177565.jpg_40x40q90.jpg,//img.alicdn.com/imgextra/i4/4067177565/O1CN014gXEG625kok35pQlb_!!4067177565.jpg_40x40q90.jpg,//img.alicdn.com/imgextra/i1/4067177565/O1CN01n9WrfH25kojzDZwdj_!!4067177565.jpg_40x40q90.jpg,//img.alicdn.com/imgextra/i1/4067177565/O1CN01YPVqMQ25kok180JiG_!!4067177565.jpg_40x40q90.jpg,//img.alicdn.com/imgextra/i1/4067177565/O1CN01SYeu2o25kok0LEi1m_!!4067177565.jpg_40x40q90.jpg,//img.alicdn.com/imgextra/i4/4067177565/O1CN016UlzGQ25kok2cULfo_!!4067177565.jpg_40x40q90.jpg,//img.alicdn.com/imgextra/i4/4067177565/O1CN01aoW0ba25kok1cb8Z0_!!4067177565.jpg_40x40q90.jpg,//img.alicdn.com/imgextra/i3/4067177565/O1CN01Oh07aQ25kok1jfnXT_!!4067177565.jpg_40x40q90.jpg,//img.alicdn.com/imgextra/i1/4067177565/O1CN01n9WrfH25kojzDZwdj_!!4067177565.jpg_40x40q90.jpg,//img.alicdn.com/imgextra/i3/4067177565/O1CN01xkZjpU25kok1jhLBe_!!4067177565.jpg_40x40q90.jpg,//img.alicdn.com/imgextra/i3/4067177565/O1CN01b7wmCm25kojzDYbXP_!!4067177565.jpg_40x40q90.jpg
不锈钢餐边柜铝合金茶水柜厨房橱柜阳台储物柜收纳置物柜组装,show_image,//img.alicdn.com/imgextra/i3/4067177565/O1CN017wFDhy25kolz6B4JX_!!0-item_pic.jpg_60x60q90.jpg,//img.alicdn.com/imgextra/i2/4067177565/O1CN01lHvxch25kojzdGx1J_!!4067177565.jpg_60x60q90.jpg,//img.alicdn.com/imgextra/i1/4067177565/O1CN01dOaeH925kok0zWUVC_!!4067177565.jpg_60x60q90.jpg,//img.alicdn.com/imgextra/i4/4067177565/O1CN01fGKwNY25kojryYrXv_!!4067177565.jpg_60x60q90.jpg,//img.alicdn.com/imgextra/i3/4067177565/O1CN01K1nVZO25kojyugkVp_!!4067177565.jpg_60x60q90.jpg
不锈钢餐边柜铝合金茶水柜厨房橱柜阳台储物柜收纳置物柜组装,classify_image,//img.alicdn.com/imgextra/i2/4067177565/O1CN01BfKRFV25kojx8aMkL_!!4067177565.jpg_40x40q90.jpg,//img.alicdn.com/imgextra/i2/4067177565/O1CN01GM3qcD25kojzcxg1H_!!4067177565.jpg_40x40q90.jpg,//img.alicdn.com/imgextra/i1/4067177565/O1CN0194l1qc25kojyJD59Y_!!4067177565.jpg_40x40q90.jpg,//img.alicdn.com/imgextra/i4/4067177565/O1CN01SxVN7g25kojymww2K_!!4067177565.jpg_40x40q90.jpg,//img.alicdn.com/imgextra/i4/4067177565/O1CN010Evxds25kojx8Z1ea_!!4067177565.jpg_40x40q90.jpg,//img.alicdn.com/imgextra/i4/4067177565/O1CN01r01xho25kojwP3IMH_!!4067177565.jpg_40x40q90.jpg,//img.alicdn.com/imgextra/i1/4067177565/O1CN01xTDpJl25kojyug0nX_!!4067177565.jpg_40x40q90.jpg,//img.alicdn.com/imgextra/i2/4067177565/O1CN01ag6pHp25kojyJC90E_!!4067177565.jpg_40x40q90.jpg,//img.alicdn.com/imgextra/i1/4067177565/O1CN01mZZ0Gw25kojzdFCzT_!!4067177565.jpg_40x40q90.jpg
天然椰棕榈床垫家用3e棕垫可定制三折叠加厚学生儿童经济型偏硬垫,show_image,//img.alicdn.com/imgextra/i4/4067177565/O1CN01CaS8ie25konpUIjnV_!!0-item_pic.jpg_60x60q90.jpg,//img.alicdn.com/imgextra/i4/4067177565/O1CN01Pd0Lel25kok2eFZvM_!!4067177565.jpg_60x60q90.jpg,//img.alicdn.com/imgextra/i4/4067177565/O1CN01M2UfBU25konmCEq0k_!!4067177565.jpg_60x60q90.jpg,//img.alicdn.com/imgextra/i3/4067177565/O1CN011Oi2FN25konqytHCa_!!4067177565.jpg_60x60q90.jpg,//img.alicdn.com/imgextra/i3/4067177565/O1CN018OWHOc25kok3chMfg_!!4067177565.jpg_60x60q90.jpg
天然椰棕榈床垫家用3e棕垫可定制三折叠加厚学生儿童经济型偏硬垫,classify_image,//img.alicdn.com/imgextra/i2/4067177565/O1CN01baY1sx25kok1lQgn2_!!4067177565.jpg_40x40q90.jpg,//img.alicdn.com/imgextra/i1/4067177565/O1CN01xNAHRg25kok2UwUpj_!!4067177565.jpg_40x40q90.jpg,//img.alicdn.com/imgextra/i1/4067177565/O1CN01C6TODe25kok1lEWMP_!!4067177565.jpg_40x40q90.jpg,//img.alicdn.com/imgextra/i3/4067177565/O1CN015gONV525kojzzqGPL_!!4067177565.jpg_40x40q90.jpg,//img.alicdn.com/imgextra/i3/4067177565/O1CN01snyvwV25kok19pyUU_!!4067177565.jpg_40x40q90.jpg,//img.alicdn.com/imgextra/i2/4067177565/O1CN01glMhW725kojzzrbXH_!!4067177565.jpg_40x40q90.jpg,//img.alicdn.com/imgextra/i4/4067177565/O1CN01l55JFQ25kok3reA57_!!4067177565.jpg_40x40q90.jpg,//img.alicdn.com/imgextra/i4/4067177565/O1CN01mSqPoD25kok2UyNH3_!!4067177565.jpg_40x40q90.jpg,//img.alicdn.com/imgextra/i2/4067177565/O1CN01nUG8yR25kok0N0L88_!!4067177565.jpg_40x40q90.jpg,//img.alicdn.com/imgextra/i4/4067177565/O1CN01ctwAda25kok2UxyMm_!!4067177565.jpg_40x40q90.jpg,//img.alicdn.com/imgextra/i2/4067177565/O1CN01JyjyHy25kok2eGNq7_!!4067177565.jpg_40x40q90.jpg,//img.alicdn.com/imgextra/i2/4067177565/O1CN013lb8lH25kok1LrREP_!!4067177565.jpg_40x40q90.jpg,//img.alicdn.com/imgextra/i4/4067177565/O1CN01tNhUbf25kok3rgRQg_!!4067177565.jpg_40x40q90.jpg,//img.alicdn.com/imgextra/i3/4067177565/O1CN01DGoT6M25kok0N1wuq_!!4067177565.jpg_40x40q90.jpg,//img.alicdn.com/imgextra/i3/4067177565/O1CN01nv0LEY25kok1eNZfo_!!4067177565.jpg_40x40q90.jpg,//img.alicdn.com/imgextra/i1/4067177565/O1CN01xMJdfd25kok2UlsSX_!!4067177565.jpg_40x40q90.jpg,//img.alicdn.com/imgextra/i1/4067177565/O1CN014p8cFZ25kok1LtNoR_!!4067177565.jpg_40x40q90.jpg,//img.alicdn.com/imgextra/i3/4067177565/O1CN015MMOwK25kok1lRUiB_!!4067177565.jpg_40x40q90.jpg,//img.alicdn.com/imgextra/i2/4067177565/O1CN015MpN4425kojzFQPVE_!!4067177565.jpg_40x40q90.jpg,//img.alicdn.com/imgextra/i3/4067177565/O1CN01nfwN9Z25kok1lPonL_!!4067177565.jpg_40x40q90.jpg,//img.alicdn.com/imgextra/i2/4067177565/O1CN01STIWR525kok2eH3RX_!!4067177565.jpg_40x40q90.jpg,//img.alicdn.com/imgextra/i3/4067177565/O1CN01aXCa9D25kok3chdLP_!!4067177565.jpg_40x40q90.jpg,//img.alicdn.com/imgextra/i1/4067177565/O1CN01lbN3t025kok2Ujvx1_!!4067177565.jpg_40x40q90.jpg,//img.alicdn.com/imgextra/i2/4067177565/O1CN01AJgozU25kok3cgQZW_!!4067177565.jpg_40x40q90.jpg
简易衣柜钢管加粗加固布衣柜布艺简约现代经济型组装衣橱收纳柜子,show_image,//img.alicdn.com/imgextra/i3/4067177565/O1CN01T68Qpo25kolvp3j1o_!!0-item_pic.jpg_60x60q90.jpg,//img.alicdn.com/imgextra/i2/4067177565/O1CN01jcTLoW25kok1jlccD_!!4067177565.jpg_60x60q90.jpg,//img.alicdn.com/imgextra/i2/4067177565/O1CN01R6xl3w25kok2TZ668_!!4067177565.jpg_60x60q90.jpg,//img.alicdn.com/imgextra/i2/4067177565/O1CN01lP1l7p25kok1KOjzw_!!4067177565.jpg_60x60q90.jpg,//img.alicdn.com/imgextra/i4/4067177565/O1CN01tglOhc25kok2cqqCU_!!4067177565.jpg_60x60q90.jpg
简易衣柜钢管加粗加固布衣柜布艺简约现代经济型组装衣橱收纳柜子,classify_image,//img.alicdn.com/imgextra/i4/4067177565/O1CN01g4BRKj25kojun88ML_!!4067177565.jpg_40x40q90.jpg,//img.alicdn.com/imgextra/i1/4067177565/O1CN01U9etLj25kok36FHEI_!!4067177565.jpg_40x40q90.jpg,//img.alicdn.com/imgextra/i4/4067177565/O1CN01rDdwP225kok3qImFL_!!4067177565.jpg_40x40q90.jpg,//img.alicdn.com/imgextra/i2/4067177565/O1CN01Bt7eRI25kok0Le5Er_!!4067177565.jpg_40x40q90.jpg,//img.alicdn.com/imgextra/i3/4067177565/O1CN010b38Ot25kok2TND0T_!!4067177565.jpg_40x40q90.jpg,//img.alicdn.com/imgextra/i4/4067177565/O1CN01eLnTXv25kojzyMHuN_!!4067177565.jpg_40x40q90.jpg,//img.alicdn.com/imgextra/i2/4067177565/O1CN01PD0xYX25kok2TWLgH_!!4067177565.jpg_40x40q90.jpg,//img.alicdn.com/imgextra/i4/4067177565/O1CN01eDfoN725kok1k2YXB_!!4067177565.jpg_40x40q90.jpg,//img.alicdn.com/imgextra/i3/4067177565/O1CN015oIZZL25kok2TXtHF_!!4067177565.jpg_40x40q90.jpg,//img.alicdn.com/imgextra/i1/4067177565/O1CN01dszNtC25kok3bIxxC_!!4067177565.jpg_40x40q90.jpg,//img.alicdn.com/imgextra/i1/4067177565/O1CN01NjHbF725kok2crFAG_!!4067177565.jpg_40x40q90.jpg,//img.alicdn.com/imgextra/i2/4067177565/O1CN01kUEYt325kok4AESXe_!!4067177565.jpg_40x40q90.jpg
实木床头柜经济型简约现代迷你带锁小柜子卧室床边收纳储物柜整装,show_image,//img.alicdn.com/imgextra/i2/4067177565/O1CN01a3WQO925kolxlJ0Py_!!0-item_pic.jpg_60x60q90.jpg,//img.alicdn.com/imgextra/i4/4067177565/O1CN01RzZQF525kok3lXn0v_!!4067177565.jpg_60x60q90.jpg,//img.alicdn.com/imgextra/i2/4067177565/O1CN01NZ3h4d25kok1fMo3m_!!4067177565.jpg_60x60q90.jpg,//img.alicdn.com/imgextra/i1/4067177565/O1CN01rrC2E725kok0Gq907_!!4067177565.jpg_60x60q90.jpg,//img.alicdn.com/imgextra/i1/4067177565/O1CN01DJIKEQ25kojz9DC6o_!!4067177565.jpg_60x60q90.jpg
实木床头柜经济型简约现代迷你带锁小柜子卧室床边收纳储物柜整装,classify_image,//img.alicdn.com/imgextra/i3/4067177565/O1CN01s1qDYU25kok1YHbjx_!!4067177565.jpg_40x40q90.jpg,//img.alicdn.com/imgextra/i4/4067177565/O1CN01TGorei25kok13ntne_!!4067177565.jpg_40x40q90.jpg,//img.alicdn.com/imgextra/i1/4067177565/O1CN01ycyvzO25kojz9E00m_!!4067177565.jpg_40x40q90.jpg,//img.alicdn.com/imgextra/i2/4067177565/O1CN01DETjNK25kok31Ov5R_!!4067177565.jpg_40x40q90.jpg,//img.alicdn.com/imgextra/i2/4067177565/O1CN01njh7eU25kok1fPHtM_!!4067177565.jpg_40x40q90.jpg,//img.alicdn.com/imgextra/i2/4067177565/O1CN01zKcRxl25kok3lYSbc_!!4067177565.jpg_40x40q90.jpg,//img.alicdn.com/imgextra/i3/4067177565/O1CN01uJX1Y525kojz9G4xe_!!4067177565.jpg_40x40q90.jpg,//img.alicdn.com/imgextra/i3/4067177565/O1CN01HRDI4l25kok3WVYhd_!!4067177565.jpg_40x40q90.jpg,//img.alicdn.com/imgextra/i2/4067177565/O1CN014vX8pO25kok1fOorn_!!4067177565.jpg_40x40q90.jpg,//img.alicdn.com/imgextra/i3/4067177565/O1CN01mOAayK25kok1fR6FN_!!4067177565.jpg_40x40q90.jpg,//img.alicdn.com/imgextra/i3/4067177565/O1CN019bJPsz25kok0GtMd6_!!4067177565.jpg_40x40q90.jpg,//img.alicdn.com/imgextra/i2/4067177565/O1CN01W4Whar25kok13ntsd_!!4067177565.png_40x40q90.jpg
实木小凳子时尚创意沙发凳客厅椅子矮凳圆凳茶几凳布艺家用小板凳,show_image,//img.alicdn.com/imgextra/i3/4067177565/O1CN01I62ehC25kom2UvKjc_!!0-item_pic.jpg_60x60q90.jpg,//img.alicdn.com/imgextra/i2/4067177565/O1CN01eKPMMe25kok9JLIFs_!!4067177565.jpg_60x60q90.jpg,//img.alicdn.com/imgextra/i1/4067177565/O1CN01CLg3sS25kok9JMyDe_!!4067177565.jpg_60x60q90.jpg,//img.alicdn.com/imgextra/i4/4067177565/O1CN01bfUfRI25kok8kWZpQ_!!4067177565.jpg_60x60q90.jpg
实木小凳子时尚创意沙发凳客厅椅子矮凳圆凳茶几凳布艺家用小板凳,classify_image,//img.alicdn.com/imgextra/i2/4067177565/O1CN01KcxCgQ25kok7l9j1E_!!4067177565.jpg_40x40q90.jpg,//img.alicdn.com/imgextra/i3/4067177565/O1CN01w6PGlh25kok9JLlMB_!!4067177565.jpg_40x40q90.jpg,//img.alicdn.com/imgextra/i3/4067177565/O1CN01REHLgU25kok6ri6P7_!!4067177565.jpg_40x40q90.jpg,//img.alicdn.com/imgextra/i4/4067177565/O1CN01safBF725kok8FwtuU_!!4067177565.jpg_40x40q90.jpg,//img.alicdn.com/imgextra/i4/4067177565/O1CN01sNkFcV25kok6riuIF_!!4067177565.jpg_40x40q90.jpg,//img.alicdn.com/imgextra/i4/4067177565/O1CN01OtmnzT25kojztIxrH_!!4067177565.jpg_40x40q90.jpg,//img.alicdn.com/imgextra/i3/4067177565/O1CN01s8rdPy25kojztIIGr_!!4067177565.jpg_40x40q90.jpg,//img.alicdn.com/imgextra/i3/4067177565/O1CN01QDjK6p25kok6rhldJ_!!4067177565.jpg_40x40q90.jpg
儿童桌椅套装幼儿园塑料吃饭画画桌子可调节升降课桌宝宝学习家用,show_image,//img.alicdn.com/imgextra/i3/4067177565/O1CN01cVHYSF25konqUNrvv_!!0-item_pic.jpg_60x60q90.jpg,//img.alicdn.com/imgextra/i3/4067177565/O1CN01ckEOa825kok6dvaJC_!!4067177565.jpg_60x60q90.jpg,//img.alicdn.com/imgextra/i2/4067177565/O1CN01Y8hrew25kons7SjyY_!!4067177565.jpg_60x60q90.jpg,//img.alicdn.com/imgextra/i3/4067177565/O1CN01sUsCdh25kok8Xj13C_!!4067177565.jpg_60x60q90.jpg,//img.alicdn.com/imgextra/i1/4067177565/O1CN01MiX9Re25kokBIoHlB_!!4067177565.jpg_60x60q90.jpg
儿童桌椅套装幼儿园塑料吃饭画画桌子可调节升降课桌宝宝学习家用,classify_image,//img.alicdn.com/imgextra/i2/4067177565/O1CN01WIB66525kok7keLVV_!!4067177565.jpg_40x40q90.jpg,//img.alicdn.com/imgextra/i4/4067177565/O1CN01H5AO3Z25kokAYOpUr_!!4067177565.jpg_40x40q90.jpg,//img.alicdn.com/imgextra/i4/4067177565/O1CN01dSaoko25kok9vXqPo_!!4067177565.jpg_40x40q90.jpg,//img.alicdn.com/imgextra/i2/4067177565/O1CN01UTwSf625kokAYPZJW_!!4067177565.jpg_40x40q90.jpg,//img.alicdn.com/imgextra/i4/4067177565/O1CN01Czem1h25kok7NIFgL_!!4067177565.jpg_40x40q90.jpg,//img.alicdn.com/imgextra/i1/4067177565/O1CN01sLclqA25kokBbT9EL_!!4067177565.jpg_40x40q90.jpg,//img.alicdn.com/imgextra/i1/4067177565/O1CN01mQQ7Hl25kok9uEP1p_!!4067177565.jpg_40x40q90.jpg,//img.alicdn.com/imgextra/i4/4067177565/O1CN01EUxB6x25kok9vYJUI_!!4067177565.jpg_40x40q90.jpg,//img.alicdn.com/imgextra/i2/4067177565/O1CN01qs4bJq25kokA3pggU_!!4067177565.jpg_40x40q90.jpg,//img.alicdn.com/imgextra/i3/4067177565/O1CN011o0cBC25kok8Xk9km_!!4067177565.jpg_40x40q90.jpg,//img.alicdn.com/imgextra/i3/4067177565/O1CN01yb5MDp25kokA3pLs6_!!4067177565.jpg_40x40q90.jpg,//img.alicdn.com/imgextra/i4/4067177565/O1CN01pJC59R25kokAYOd7P_!!4067177565.jpg_40x40q90.jpg,//img.alicdn.com/imgextra/i3/4067177565/O1CN01J8jVCr25kok955IoO_!!4067177565.jpg_40x40q90.jpg,//img.alicdn.com/imgextra/i1/4067177565/O1CN01CedYjd25kokBbT11I_!!4067177565.jpg_40x40q90.jpg,//img.alicdn.com/imgextra/i2/4067177565/O1CN01791bqK25kokA3rQlA_!!4067177565.jpg_40x40q90.jpg,//img.alicdn.com/imgextra/i3/4067177565/O1CN016RSO5125kokBIpMPU_!!4067177565.jpg_40x40q90.jpg
抖音哄娃神器哄孩子哄睡婴儿摇摇椅懒人睡觉宝宝安抚带娃看娃躺椅,show_image,//img.alicdn.com/imgextra/i1/4067177565/O1CN01omSeIS25kom0zW80z_!!0-item_pic.jpg_60x60q90.jpg,//img.alicdn.com/imgextra/i1/4067177565/O1CN01PIcwLg25kok3xfyrC_!!4067177565.jpg_60x60q90.jpg,//img.alicdn.com/imgextra/i2/4067177565/O1CN01oHynFk25kok6UVcyF_!!4067177565.jpg_60x60q90.jpg
抖音哄娃神器哄孩子哄睡婴儿摇摇椅懒人睡觉宝宝安抚带娃看娃躺椅,classify_image,//img.alicdn.com/imgextra/i2/4067177565/O1CN01uGVekU25kok58X3p7_!!4067177565.jpg_40x40q90.jpg,//img.alicdn.com/imgextra/i2/4067177565/O1CN01u3x1Rp25kok3DoEP0_!!4067177565.jpg_40x40q90.jpg,//img.alicdn.com/imgextra/i3/4067177565/O1CN01wqBXQF25kojyldk1m_!!4067177565.jpg_40x40q90.jpg,//img.alicdn.com/imgextra/i3/4067177565/O1CN01NQ9ET725kok5e7iUZ_!!4067177565.jpg_40x40q90.jpg,//img.alicdn.com/imgextra/i2/4067177565/O1CN01RmCNAo25kok5LFcvB_!!4067177565.jpg_40x40q90.jpg,//img.alicdn.com/imgextra/i3/4067177565/O1CN01ch1uSY25kok6UVcyQ_!!4067177565.jpg_40x40q90.jpg,//img.alicdn.com/imgextra/i4/4067177565/O1CN015LTOdZ25kok7c7EVs_!!4067177565.jpg_40x40q90.jpg,//img.alicdn.com/imgextra/i4/4067177565/O1CN01LyeSJS25kok6UW1s2_!!4067177565.jpg_40x40q90.jpg,//img.alicdn.com/imgextra/i2/4067177565/O1CN01huIlqa25kok3xgiar_!!4067177565.jpg_40x40q90.jpg,//img.alicdn.com/imgextra/i2/4067177565/O1CN01AODXTx25kojylfgd6_!!4067177565.jpg_40x40q90.jpg,//img.alicdn.com/imgextra/i4/4067177565/O1CN01xtCP1k25kok3DpRGM_!!4067177565.jpg_40x40q90.jpg,//img.alicdn.com/imgextra/i2/4067177565/O1CN01i8rREn25kok3xfqYc_!!4067177565.jpg_40x40q90.jpg,//img.alicdn.com/imgextra/i1/4067177565/O1CN01Sj6iTM25kojyleXwm_!!4067177565.jpg_40x40q90.jpg,//img.alicdn.com/imgextra/i1/4067177565/O1CN01LS5M2q25kok5e9WkY_!!4067177565.jpg_40x40q90.jpg,//img.alicdn.com/imgextra/i3/4067177565/O1CN01Z9LG8g25kok5jvMHF_!!4067177565.jpg_40x40q90.jpg
北欧进入门口外超薄翻斗斜插式小鞋柜窄款高简约玄关柜实木用,show_image,//img.alicdn.com/imgextra/i1/4067177565/O1CN01zmhkDM25kolwDQ7Fd_!!0-item_pic.jpg_60x60q90.jpg,//img.alicdn.com/imgextra/i4/4067177565/O1CN01cqH16a25kokC79tNf_!!4067177565.jpg_60x60q90.jpg,//img.alicdn.com/imgextra/i4/4067177565/O1CN01nIhiHc25kokBcDNx1_!!4067177565.jpg_60x60q90.jpg,//img.alicdn.com/imgextra/i2/4067177565/O1CN01D7DZPp25kokDAI2Fz_!!4067177565.jpg_60x60q90.jpg,//img.alicdn.com/imgextra/i1/4067177565/O1CN01Fu5Gcj25kokBcGCXx_!!4067177565.jpg_60x60q90.jpg
北欧进入门口外超薄翻斗斜插式小鞋柜窄款高简约玄关柜实木用,classify_image,//img.alicdn.com/imgextra/i1/4067177565/O1CN017Lty5j25kokC7BMpX_!!4067177565.jpg_40x40q90.jpg,//img.alicdn.com/imgextra/i3/4067177565/O1CN01iMJ0P725kokCriPTH_!!4067177565.jpg_40x40q90.jpg,//img.alicdn.com/imgextra/i1/4067177565/O1CN01ptxJ6925kok8BYlHW_!!4067177565.jpg_40x40q90.jpg,//img.alicdn.com/imgextra/i1/4067177565/O1CN01SpSJVy25kokCcAQF0_!!4067177565.jpg_40x40q90.jpg,//img.alicdn.com/imgextra/i4/4067177565/O1CN016Ow8HE25kokC7B262_!!4067177565.jpg_40x40q90.jpg,//img.alicdn.com/imgextra/i3/4067177565/O1CN01gIKOvD25kokBSx2sV_!!4067177565.jpg_40x40q90.jpg,//img.alicdn.com/imgextra/i4/4067177565/O1CN011KAWwF25kokC7E3EK_!!4067177565.jpg_40x40q90.jpg,//img.alicdn.com/imgextra/i4/4067177565/O1CN01S1qQPv25kok3j7kmC_!!4067177565.jpg_40x40q90.jpg,//img.alicdn.com/imgextra/i4/4067177565/O1CN01V8iSV625kokDAJZy5_!!4067177565.jpg_40x40q90.jpg,//img.alicdn.com/imgextra/i2/4067177565/O1CN014JA17725kokAdPdjY_!!4067177565.jpg_40x40q90.jpg,//img.alicdn.com/imgextra/i4/4067177565/O1CN014qBTlI25kokBTt3fa_!!4067177565.jpg_40x40q90.jpg,//img.alicdn.com/imgextra/i3/4067177565/O1CN01des5BV25kokAdPuRa_!!4067177565.jpg_40x40q90.jpg,//img.alicdn.com/imgextra/i3/4067177565/O1CN01UP4Wgi25kok8wDmml_!!4067177565.jpg_40x40q90.jpg,//img.alicdn.com/imgextra/i3/4067177565/O1CN01YJBZZh25kokAhtJdW_!!4067177565.jpg_40x40q90.jpg,//img.alicdn.com/imgextra/i2/4067177565/O1CN015Ob88z25kokAi9HBO_!!4067177565.jpg_40x40q90.jpg,//img.alicdn.com/imgextra/i2/4067177565/O1CN01OCZ7X025kokBcIHaE_!!4067177565.jpg_40x40q90.jpg,//img.alicdn.com/imgextra/i1/4067177565/O1CN011xP4Fv25kokCrkl4i_!!4067177565.jpg_40x40q90.jpg,//img.alicdn.com/imgextra/i2/4067177565/O1CN01JpBpeW25kokCcDApA_!!4067177565.jpg_40x40q90.jpg,//img.alicdn.com/imgextra/i2/4067177565/O1CN01pQ41sB25kok9J9pOX_!!4067177565.jpg_40x40q90.jpg,//img.alicdn.com/imgextra/i1/4067177565/O1CN01DkJtwz25kokBSzzwc_!!4067177565.jpg_40x40q90.jpg,//img.alicdn.com/imgextra/i1/4067177565/O1CN01wqjK0n25kokCrlhIC_!!4067177565.jpg_40x40q90.jpg,//img.alicdn.com/imgextra/i3/4067177565/O1CN01zqbia725kok3jA2Im_!!4067177565.jpg_40x40q90.jpg,//img.alicdn.com/imgextra/i3/4067177565/O1CN01BIFJ5N25kokAiCtlg_!!4067177565.jpg_40x40q90.jpg,//img.alicdn.com/imgextra/i2/4067177565/O1CN016dqCGr25kokA5m6WB_!!4067177565.jpg_40x40q90.jpg
马凳折叠升降加厚特厚马镫装修便携马橙登多功能梯子铝合金脚手架,show_image,//img.alicdn.com/imgextra/i1/4067177565/O1CN01ZtsXBB25kom2JciXg_!!0-item_pic.jpg_60x60q90.jpg,//img.alicdn.com/imgextra/i1/4067177565/O1CN01TuQ4Mf25kok7dHQRP_!!4067177565.jpg_60x60q90.jpg,//img.alicdn.com/imgextra/i3/4067177565/O1CN01h4Jr2325kokAoNfM1_!!4067177565.jpg_60x60q90.jpg
马凳折叠升降加厚特厚马镫装修便携马橙登多功能梯子铝合金脚手架,classify_image,//img.alicdn.com/imgextra/i1/4067177565/O1CN019CID4J25kok9KxDm5_!!4067177565.jpg_40x40q90.jpg,//img.alicdn.com/imgextra/i1/4067177565/O1CN017nA6De25kokAAFSFn_!!4067177565.jpg_40x40q90.jpg,//img.alicdn.com/imgextra/i3/4067177565/O1CN01gDdeDn25kok9PhTWp_!!4067177565.jpg_40x40q90.jpg,//img.alicdn.com/imgextra/i4/4067177565/O1CN013lOkvs25kok9Pis3d_!!4067177565.jpg_40x40q90.jpg,//img.alicdn.com/imgextra/i1/4067177565/O1CN01Qxr4An25kokAoMnLs_!!4067177565.jpg_40x40q90.jpg,//img.alicdn.com/imgextra/i3/4067177565/O1CN015aqPWI25kok9Kv4kg_!!4067177565.jpg_40x40q90.jpg,//img.alicdn.com/imgextra/i3/4067177565/O1CN01vIxMKs25kok8niOMH_!!4067177565.jpg_40x40q90.jpg,//img.alicdn.com/imgextra/i3/4067177565/O1CN010C3jXd25kok80VnKd_!!4067177565.jpg_40x40q90.jpg,//img.alicdn.com/imgextra/i2/4067177565/O1CN01Vu53Aa25kokBYcRjy_!!4067177565.jpg_40x40q90.jpg,//img.alicdn.com/imgextra/i1/4067177565/O1CN01sfOs5z25kokAJUmoo_!!4067177565.jpg_40x40q90.jpg,//img.alicdn.com/imgextra/i4/4067177565/O1CN01VlzFHr25kokAoP4je_!!4067177565.jpg_40x40q90.jpg,//img.alicdn.com/imgextra/i3/4067177565/O1CN01z07g6s25kokBJ4SWl_!!4067177565.jpg_40x40q90.jpg,//img.alicdn.com/imgextra/i2/4067177565/O1CN01Htnfbx25kok92Cqri_!!4067177565.jpg_40x40q90.jpg,//img.alicdn.com/imgextra/i3/4067177565/O1CN01WVbll125kok9KwxEA_!!4067177565.jpg_40x40q90.jpg,//img.alicdn.com/imgextra/i1/4067177565/O1CN01PmbrAt25kok9PgTFE_!!4067177565.jpg_40x40q90.jpg,//img.alicdn.com/imgextra/i3/4067177565/O1CN01G0NQs025kokAAGzxJ_!!4067177565.jpg_40x40q90.jpg,//img.alicdn.com/imgextra/i3/4067177565/O1CN01ZOe26925kokBJ47oi_!!4067177565.jpg_40x40q90.jpg,//img.alicdn.com/imgextra/i1/4067177565/O1CN01dxiOep25kok9Ph4fu_!!4067177565.jpg_40x40q90.jpg,//img.alicdn.com/imgextra/i3/4067177565/O1CN01gF7vuq25kok7dJZWl_!!4067177565.jpg_40x40q90.jpg,//img.alicdn.com/imgextra/i4/4067177565/O1CN01rzgjBJ25kok8nkwKK_!!4067177565.jpg_40x40q90.jpg,//img.alicdn.com/imgextra/i3/4067177565/O1CN01WOQZMq25kok80USEn_!!4067177565.jpg_40x40q90.jpg,//img.alicdn.com/imgextra/i1/4067177565/O1CN01TnhHnK25kokAJV3Sc_!!4067177565.jpg_40x40q90.jpg,//img.alicdn.com/imgextra/i4/4067177565/O1CN017qbE4u25kok6tTEXV_!!4067177565.jpg_40x40q90.jpg
中式床头靠背板实木单人1.8现代简约双人1.5榻榻米床头板经济型,show_image,//img.alicdn.com/imgextra/i4/4067177565/O1CN013TXYCd25kolyzN5L9_!!0-item_pic.jpg_60x60q90.jpg,//img.alicdn.com/imgextra/i4/4067177565/O1CN01NAxqVj25kokDElrP5_!!4067177565.jpg_60x60q90.jpg,//img.alicdn.com/imgextra/i2/4067177565/O1CN01MqTESH25kokDEoTXS_!!4067177565.jpg_60x60q90.jpg,//img.alicdn.com/imgextra/i2/4067177565/O1CN01KmZezV25kokDEmfHL_!!4067177565.jpg_60x60q90.jpg,//img.alicdn.com/imgextra/i1/4067177565/O1CN01s1Xyoq25kokFONL8d_!!4067177565.png_60x60q90.jpg
中式床头靠背板实木单人1.8现代简约双人1.5榻榻米床头板经济型,classify_image,//img.alicdn.com/imgextra/i2/4067177565/O1CN01MqTESH25kokDEoTXS_!!4067177565.jpg_40x40q90.jpg,//img.alicdn.com/imgextra/i2/4067177565/O1CN01KmZezV25kokDEmfHL_!!4067177565.jpg_40x40q90.jpg,//img.alicdn.com/imgextra/i2/4067177565/O1CN01KmZezV25kokDEmfHL_!!4067177565.jpg_40x40q90.jpg,//img.alicdn.com/imgextra/i2/4067177565/O1CN01KmZezV25kokDEmfHL_!!4067177565.jpg_40x40q90.jpg,//img.alicdn.com/imgextra/i2/4067177565/O1CN01KmZezV25kokDEmfHL_!!4067177565.jpg_40x40q90.jpg,//img.alicdn.com/imgextra/i2/4067177565/O1CN01KmZezV25kokDEmfHL_!!4067177565.jpg_40x40q90.jpg,//img.alicdn.com/imgextra/i2/4067177565/O1CN01MqTESH25kokDEoTXS_!!4067177565.jpg_40x40q90.jpg,//img.alicdn.com/imgextra/i2/4067177565/O1CN01MqTESH25kokDEoTXS_!!4067177565.jpg_40x40q90.jpg,//img.alicdn.com/imgextra/i2/4067177565/O1CN01MqTESH25kokDEoTXS_!!4067177565.jpg_40x40q90.jpg,//img.alicdn.com/imgextra/i2/4067177565/O1CN01MqTESH25kokDEoTXS_!!4067177565.jpg_40x40q90.jpg,//img.alicdn.com/imgextra/i2/4067177565/O1CN01MqTESH25kokDEoTXS_!!4067177565.jpg_40x40q90.jpg,//img.alicdn.com/imgextra/i2/4067177565/O1CN01KmZezV25kokDEmfHL_!!4067177565.jpg_40x40q90.jpg,//img.alicdn.com/imgextra/i2/4067177565/O1CN01KmZezV25kokDEmfHL_!!4067177565.jpg_40x40q90.jpg,//img.alicdn.com/imgextra/i2/4067177565/O1CN01KmZezV25kokDEmfHL_!!4067177565.jpg_40x40q90.jpg,//img.alicdn.com/imgextra/i2/4067177565/O1CN01KmZezV25kokDEmfHL_!!4067177565.jpg_40x40q90.jpg,//img.alicdn.com/imgextra/i2/4067177565/O1CN01KmZezV25kokDEmfHL_!!4067177565.jpg_40x40q90.jpg,//img.alicdn.com/imgextra/i2/4067177565/O1CN01MqTESH25kokDEoTXS_!!4067177565.jpg_40x40q90.jpg,//img.alicdn.com/imgextra/i2/4067177565/O1CN01MqTESH25kokDEoTXS_!!4067177565.jpg_40x40q90.jpg,//img.alicdn.com/imgextra/i2/4067177565/O1CN01MqTESH25kokDEoTXS_!!4067177565.jpg_40x40q90.jpg,//img.alicdn.com/imgextra/i2/4067177565/O1CN01MqTESH25kokDEoTXS_!!4067177565.jpg_40x40q90.jpg,//img.alicdn.com/imgextra/i1/4067177565/O1CN01vSzFAg25kokCbdxiC_!!4067177565.jpg_40x40q90.jpg,//img.alicdn.com/imgextra/i1/4067177565/O1CN01Shq6Ms25kokDE6elR_!!4067177565.jpg_40x40q90.jpg
衣柜简易布衣柜不锈钢方管加厚加粗螺丝组装折叠衣橱收纳大号包邮,show_image,//img.alicdn.com/imgextra/i3/4067177565/O1CN01zpLr3I25kolygDoEf_!!0-item_pic.jpg_60x60q90.jpg,//img.alicdn.com/imgextra/i2/4067177565/O1CN019DgYw325kokJJoZjh_!!4067177565.jpg_60x60q90.jpg,//img.alicdn.com/imgextra/i4/4067177565/O1CN01c6YgL925kokE5cs1r_!!4067177565.jpg_60x60q90.jpg,//img.alicdn.com/imgextra/i4/4067177565/O1CN01UhTQAa25kokKU12Pe_!!4067177565.jpg_60x60q90.jpg,//img.alicdn.com/imgextra/i2/4067177565/O1CN01wxCWoV25kokJhhQbd_!!4067177565.jpg_60x60q90.jpg
衣柜简易布衣柜不锈钢方管加厚加粗螺丝组装折叠衣橱收纳大号包邮,classify_image,//img.alicdn.com/imgextra/i2/4067177565/O1CN01idLYUY25kokJJndVJ_!!4067177565.jpg_40x40q90.jpg,//img.alicdn.com/imgextra/i3/4067177565/O1CN01ww9vKo25kokL6tQZG_!!4067177565.jpg_40x40q90.jpg,//img.alicdn.com/imgextra/i4/4067177565/O1CN01m8YCEC25kokNKmQV0_!!4067177565.jpg_40x40q90.jpg,//img.alicdn.com/imgextra/i3/4067177565/O1CN017YEUMO25kokM2E188_!!4067177565.jpg_40x40q90.jpg,//img.alicdn.com/imgextra/i2/4067177565/O1CN01ewRiGB25kokNKlcfL_!!4067177565.jpg_40x40q90.jpg,//img.alicdn.com/imgextra/i3/4067177565/O1CN01zhSn9r25kokJJqr8U_!!4067177565.jpg_40x40q90.jpg,//img.alicdn.com/imgextra/i3/4067177565/O1CN01Ju0vCS25kokM2GldS_!!4067177565.jpg_40x40q90.jpg,//img.alicdn.com/imgextra/i4/4067177565/O1CN01gDZOG825kokKkScAX_!!4067177565.jpg_40x40q90.jpg,//img.alicdn.com/imgextra/i1/4067177565/O1CN01JgQCpZ25kokLvWWk8_!!4067177565.jpg_40x40q90.jpg,//img.alicdn.com/imgextra/i1/4067177565/O1CN01OHmFqb25kokLvXGTW_!!4067177565.jpg_40x40q90.jpg,//img.alicdn.com/imgextra/i4/4067177565/O1CN01HG8Vkq25kokE5dfyO_!!4067177565.jpg_40x40q90.jpg,//img.alicdn.com/imgextra/i4/4067177565/O1CN01DTqNLe25kokMXojjE_!!4067177565.jpg_40x40q90.jpg,//img.alicdn.com/imgextra/i3/4067177565/O1CN019ulxI525kokLtgJxV_!!4067177565.jpg_40x40q90.jpg,//img.alicdn.com/imgextra/i2/4067177565/O1CN01eDpq2r25kokMXoXFA_!!4067177565.jpg_40x40q90.jpg,//img.alicdn.com/imgextra/i2/4067177565/O1CN01QoSW1E25kokN3pMwq_!!4067177565.jpg_40x40q90.jpg,//img.alicdn.com/imgextra/i2/4067177565/O1CN01mTSnvT25kokJhhlWx_!!4067177565.jpg_40x40q90.jpg,//img.alicdn.com/imgextra/i2/4067177565/O1CN01iAMMAx25kokL31haT_!!4067177565.jpg_40x40q90.jpg,//img.alicdn.com/imgextra/i2/4067177565/O1CN014TAKT525kokE5e50u_!!4067177565.jpg_40x40q90.jpg,//img.alicdn.com/imgextra/i2/4067177565/O1CN01yFwoA825kokNdyemX_!!4067177565.jpg_40x40q90.jpg,//img.alicdn.com/imgextra/i4/4067177565/O1CN01PxQhyk25kokLvXGYH_!!4067177565.jpg_40x40q90.jpg,//img.alicdn.com/imgextra/i4/4067177565/O1CN01KwdhVS25kokLvZTjA_!!4067177565.jpg_40x40q90.jpg,//img.alicdn.com/imgextra/i1/4067177565/O1CN01SIBg3p25kokLvXrze_!!4067177565.jpg_40x40q90.jpg,//img.alicdn.com/imgextra/i1/4067177565/O1CN017YqnxR25kokLtgiyt_!!4067177565.jpg_40x40q90.jpg,//img.alicdn.com/imgextra/i2/4067177565/O1CN01O9VpNj25kokE5cXQt_!!4067177565.jpg_40x40q90.jpg
可折叠儿童床拼接床加宽床侧边床实木单人床加长带护栏定做小床,show_image,//img.alicdn.com/imgextra/i1/4067177565/O1CN01Vr0xs625kom0LJcbp_!!0-item_pic.jpg_60x60q90.jpg,//img.alicdn.com/imgextra/i4/4067177565/O1CN01qKkAAp25kokJzgShB_!!4067177565.jpg_60x60q90.jpg,//img.alicdn.com/imgextra/i3/4067177565/O1CN011JX6Gz25kokKloWqW_!!4067177565.jpg_60x60q90.jpg,//img.alicdn.com/imgextra/i1/4067177565/O1CN01s3qGMf25kokLOwJBR_!!4067177565.jpg_60x60q90.jpg,//img.alicdn.com/imgextra/i2/4067177565/O1CN01XgH7JS25kokIrHeE5_!!4067177565.jpg_60x60q90.jpg
可折叠儿童床拼接床加宽床侧边床实木单人床加长带护栏定做小床,classify_image
儿童床带护栏男孩女孩公主床加宽拼接铁床组合小床单人床边床粉色,show_image,//img.alicdn.com/imgextra/i2/4067177565/O1CN01bhqo7f25kolvpAIhV_!!0-item_pic.jpg_60x60q90.jpg,//img.alicdn.com/imgextra/i3/4067177565/O1CN01JDRvPe25kokMD2olG_!!4067177565.jpg_60x60q90.jpg,//img.alicdn.com/imgextra/i4/4067177565/O1CN01wM9sNB25kokIsNeVc_!!4067177565.jpg_60x60q90.jpg,//img.alicdn.com/imgextra/i3/4067177565/O1CN01elPk6y25kokEO6vNC_!!4067177565.jpg_60x60q90.jpg,//img.alicdn.com/imgextra/i3/4067177565/O1CN0196vt0Q25kokNdoutU_!!4067177565.jpg_60x60q90.jpg
儿童床带护栏男孩女孩公主床加宽拼接铁床组合小床单人床边床粉色,classify_image,//img.alicdn.com/imgextra/i4/4067177565/O1CN01Hcg9th25kokNwt1eU_!!4067177565.jpg_40x40q90.jpg,//img.alicdn.com/imgextra/i2/4067177565/O1CN01Y4qgA325kokIsMJNX_!!4067177565.jpg_40x40q90.jpg
免洗床小 两用可折叠变床 单双人多功能午休床懒人特价,show_image,//img.alicdn.com/imgextra/i3/4067177565/O1CN01d78HkG25kolvp6PMX_!!2-item_pic.png_60x60q90.jpg,//img.alicdn.com/imgextra/i3/4067177565/O1CN0178JBiZ25kokANMgMV_!!4067177565.jpg_60x60q90.jpg,//img.alicdn.com/imgextra/i1/4067177565/O1CN01F3rjsG25kokHJQjpr_!!4067177565.jpg_60x60q90.jpg
免洗床小 两用可折叠变床 单双人多功能午休床懒人特价,classify_image,//img.alicdn.com/imgextra/i3/4067177565/O1CN01KGt9JH25kokIBFKXG_!!4067177565.jpg_40x40q90.jpg,//img.alicdn.com/imgextra/i3/4067177565/O1CN018JweoV25kokFbkGa5_!!4067177565.jpg_40x40q90.jpg,//img.alicdn.com/imgextra/i2/4067177565/O1CN01O2NswC25kokIonQ35_!!4067177565.jpg_40x40q90.jpg,//img.alicdn.com/imgextra/i1/4067177565/O1CN01gNm62m25kokJJwoFr_!!4067177565.jpg_40x40q90.jpg,//img.alicdn.com/imgextra/i4/4067177565/O1CN01bhQojS25kokHOHUB0_!!4067177565.jpg_40x40q90.jpg,//img.alicdn.com/imgextra/i3/4067177565/O1CN01gyDGJY25kokHJRoKq_!!4067177565.jpg_40x40q90.jpg
包邮多功能实木沙发推拉两用榻榻米简约现代组合小户型客厅书房床,show_image,//img.alicdn.com/imgextra/i2/4067177565/O1CN01qnxtt025kom2JcBGZ_!!0-item_pic.jpg_60x60q90.jpg,//img.alicdn.com/imgextra/i1/4067177565/O1CN01NNbGbN25kokFhQWFq_!!4067177565.jpg_60x60q90.jpg,//img.alicdn.com/imgextra/i4/4067177565/O1CN01yycmz625kokJgNyKf_!!4067177565.jpg_60x60q90.jpg,//img.alicdn.com/imgextra/i1/4067177565/O1CN016drxoy25kokATCX9C_!!4067177565.jpg_60x60q90.jpg,//img.alicdn.com/imgextra/i1/4067177565/O1CN01VlVji825kokIH8PLL_!!4067177565.jpg_60x60q90.jpg
包邮多功能实木沙发推拉两用榻榻米简约现代组合小户型客厅书房床,classify_image
沙发床两用折叠多功能单人小户型布艺皮质出租房发廊1.8*0.95沙发,show_image,//img.alicdn.com/imgextra/i2/4067177565/O1CN01QdxHND25koluwSjqE_!!0-item_pic.jpg_60x60q90.jpg,//img.alicdn.com/imgextra/i4/4067177565/O1CN01NQlPFX25kokFimydU_!!4067177565.jpg_60x60q90.jpg,//img.alicdn.com/imgextra/i3/4067177565/O1CN01zuJFdb25kokHVIbQ3_!!4067177565.jpg_60x60q90.jpg
沙发床两用折叠多功能单人小户型布艺皮质出租房发廊1.8*0.95沙发,classify_image,//img.alicdn.com/imgextra/i4/4067177565/O1CN01tLt74825kokH872nQ_!!4067177565.jpg_40x40q90.jpg,//img.alicdn.com/imgextra/i2/4067177565/O1CN01loauLL25kokJhnaFm_!!4067177565.jpg_40x40q90.jpg,//img.alicdn.com/imgextra/i1/4067177565/O1CN01NlcRLL25kokIIdizP_!!4067177565.jpg_40x40q90.jpg,//img.alicdn.com/imgextra/i4/4067177565/O1CN01NQlPFX25kokFimydU_!!4067177565.jpg_40x40q90.jpg,//img.alicdn.com/imgextra/i3/4067177565/O1CN01EkUeXs25kokHQdNhW_!!4067177565.jpg_40x40q90.jpg,//img.alicdn.com/imgextra/i4/4067177565/O1CN01eHDOYN25kokIvwuQs_!!4067177565.jpg_40x40q90.jpg,//img.alicdn.com/imgextra/i4/4067177565/O1CN01mjAZl025kokIIbujK_!!4067177565.jpg_40x40q90.jpg,//img.alicdn.com/imgextra/i3/4067177565/O1CN01XbAmKg25kokG6V5ba_!!4067177565.jpg_40x40q90.jpg,//img.alicdn.com/imgextra/i3/4067177565/O1CN0109gdim25kokAUc4ql_!!4067177565.jpg_40x40q90.jpg,//img.alicdn.com/imgextra/i3/4067177565/O1CN013hcEqr25kokJRDTzW_!!4067177565.jpg_40x40q90.jpg,//img.alicdn.com/imgextra/i3/4067177565/O1CN01KxErjo25kokIHPvKW_!!4067177565.jpg_40x40q90.jpg,//img.alicdn.com/imgextra/i3/4067177565/O1CN018aKHR925kokGsJPjF_!!4067177565.jpg_40x40q90.jpg,//img.alicdn.com/imgextra/i1/4067177565/O1CN018Z5CZv25kokIvw2MV_!!4067177565.jpg_40x40q90.jpg,//img.alicdn.com/imgextra/i3/4067177565/O1CN01MzkBby25kokGsHfdf_!!4067177565.jpg_40x40q90.jpg,//img.alicdn.com/imgextra/i3/4067177565/O1CN01cXw2ae25kokK0W8sw_!!4067177565.jpg_40x40q90.jpg,//img.alicdn.com/imgextra/i4/4067177565/O1CN01Hdmj7I25kokIIcie5_!!4067177565.jpg_40x40q90.jpg,//img.alicdn.com/imgextra/i2/4067177565/O1CN01CzQ18O25kokIHQKHj_!!4067177565.jpg_40x40q90.jpg,//img.alicdn.com/imgextra/i4/4067177565/O1CN01BQ9xbj25kokFin2nT_!!4067177565.jpg_40x40q90.jpg,//img.alicdn.com/imgextra/i2/4067177565/O1CN01I3tHji25kokIvy7Hn_!!4067177565.jpg_40x40q90.jpg,//img.alicdn.com/imgextra/i1/4067177565/O1CN01yQFaJb25kokJRBsDf_!!4067177565.jpg_40x40q90.jpg,//img.alicdn.com/imgextra/i3/4067177565/O1CN01CzN2up25kokHVbz2P_!!4067177565.jpg_40x40q90.jpg,//img.alicdn.com/imgextra/i2/4067177565/O1CN017SXNpi25kokAUaXHB_!!4067177565.jpg_40x40q90.jpg,//img.alicdn.com/imgextra/i1/4067177565/O1CN01qX8CSp25kokIId3SX_!!4067177565.jpg_40x40q90.jpg,//img.alicdn.com/imgextra/i3/4067177565/O1CN01Jng8ft25kokIvxRic_!!4067177565.jpg_40x40q90.jpg
欧式衣帽间北欧木架衣柜 简易 组装 实木 家用牛津布儿童卡通分隔,show_image,//img.alicdn.com/imgextra/i3/4067177565/O1CN01ydzpUj25kolx8nF1D_!!0-item_pic.jpg_60x60q90.jpg,//img.alicdn.com/imgextra/i3/4067177565/O1CN01MiEha625kokMOYeHB_!!4067177565.jpg_60x60q90.jpg,//img.alicdn.com/imgextra/i4/4067177565/O1CN01pv9TCT25kokOgkEEe_!!4067177565.jpg_60x60q90.jpg,//img.alicdn.com/imgextra/i3/4067177565/O1CN01ibqeJm25kokNGpF2G_!!4067177565.jpg_60x60q90.jpg,//img.alicdn.com/imgextra/i4/4067177565/O1CN01E0X7VL25kokKfEfuo_!!4067177565.jpg_60x60q90.jpg
欧式衣帽间北欧木架衣柜 简易 组装 实木 家用牛津布儿童卡通分隔,classify_image,//img.alicdn.com/imgextra/i3/4067177565/O1CN015v6a2U25kokOzeSqa_!!4067177565.jpg_40x40q90.jpg,//img.alicdn.com/imgextra/i4/4067177565/O1CN01nlAWTL25kokKfEk5b_!!4067177565.jpg_40x40q90.jpg,//img.alicdn.com/imgextra/i3/4067177565/O1CN01ibqeJm25kokNGpF2G_!!4067177565.jpg_40x40q90.jpg,//img.alicdn.com/imgextra/i1/4067177565/O1CN01n9NaE425kokMQztFB_!!4067177565.jpg_40x40q90.jpg,//img.alicdn.com/imgextra/i4/4067177565/O1CN01zqIDpV25kokOzeKY9_!!4067177565.jpg_40x40q90.jpg,//img.alicdn.com/imgextra/i1/4067177565/O1CN01qudjxy25kokM5M9b9_!!4067177565.jpg_40x40q90.jpg,//img.alicdn.com/imgextra/i3/4067177565/O1CN01ZbYGkX25kokNt2cRE_!!4067177565.jpg_40x40q90.jpg,//img.alicdn.com/imgextra/i3/4067177565/O1CN010BYUxc25kokMOXqQE_!!4067177565.jpg_40x40q90.jpg,//img.alicdn.com/imgextra/i3/4067177565/O1CN01mnQkIW25kokOPWJk5_!!4067177565.jpg_40x40q90.jpg,//img.alicdn.com/imgextra/i3/4067177565/O1CN01TWXkhz25kokLp1d3u_!!4067177565.jpg_40x40q90.jpg,//img.alicdn.com/imgextra/i4/4067177565/O1CN01hS6HB725kokNGoR8T_!!4067177565.jpg_40x40q90.jpg,//img.alicdn.com/imgextra/i2/4067177565/O1CN01F5mgrm25kokNGmxYk_!!4067177565.jpg_40x40q90.jpg,//img.alicdn.com/imgextra/i3/4067177565/O1CN01K9U3K125kokOPViM9_!!4067177565.jpg_40x40q90.jpg,//img.alicdn.com/imgextra/i3/4067177565/O1CN01MiEha625kokMOYeHB_!!4067177565.jpg_40x40q90.jpg,//img.alicdn.com/imgextra/i2/4067177565/O1CN01TnNCRw25kokOPViM4_!!4067177565.jpg_40x40q90.jpg,//img.alicdn.com/imgextra/i4/4067177565/O1CN01pv9TCT25kokOgkEEe_!!4067177565.jpg_40x40q90.jpg,//img.alicdn.com/imgextra/i3/4067177565/O1CN01HMoCGf25kokOgjgzX_!!4067177565.jpg_40x40q90.jpg,//img.alicdn.com/imgextra/i1/4067177565/O1CN01obgvPq25kokOzdKCs_!!4067177565.jpg_40x40q90.jpg,//img.alicdn.com/imgextra/i4/4067177565/O1CN01vDVGA925kokFQQEZX_!!4067177565.jpg_40x40q90.jpg,//img.alicdn.com/imgextra/i3/4067177565/O1CN01MoU3C025kokMQxXkn_!!4067177565.jpg_40x40q90.jpg,//img.alicdn.com/imgextra/i3/4067177565/O1CN014I8pWZ25kokFQPd8p_!!4067177565.jpg_40x40q90.jpg,//img.alicdn.com/imgextra/i2/4067177565/O1CN01kjmTIB25kokOzdarz_!!4067177565.jpg_40x40q90.jpg,//img.alicdn.com/imgextra/i4/4067177565/O1CN01FCsKRK25kokFQRRPw_!!4067177565.jpg_40x40q90.jpg
懒人笔记本电脑桌床上用可移动书桌简易床边桌可倾斜沙发边桌茶几,show_image,//img.alicdn.com/imgextra/i3/4067177565/O1CN01v7jkSr25kony9WBpy_!!0-item_pic.jpg_60x60q90.jpg,//img.alicdn.com/imgextra/i4/4067177565/O1CN01iXq2uN25kokKAnt06_!!4067177565.jpg_60x60q90.jpg,//img.alicdn.com/imgextra/i3/4067177565/O1CN01dh1aBo25kokKAmoRQ_!!4067177565.jpg_60x60q90.jpg,//img.alicdn.com/imgextra/i4/4067177565/O1CN01sA0oDD25kokKAlbe1_!!4067177565.jpg_60x60q90.jpg,//img.alicdn.com/imgextra/i3/4067177565/O1CN01m2UZOH25kokKxm2fh_!!4067177565.jpg_60x60q90.jpg
懒人笔记本电脑桌床上用可移动书桌简易床边桌可倾斜沙发边桌茶几,classify_image,//img.alicdn.com/imgextra/i1/4067177565/O1CN01oaA2RC25kokMhxvrF_!!4067177565.jpg_40x40q90.jpg,//img.alicdn.com/imgextra/i1/4067177565/O1CN01rAkDgb25kokINqbXF_!!4067177565.jpg_40x40q90.jpg,//img.alicdn.com/imgextra/i2/4067177565/O1CN01LbHCoa25kokIlv0TQ_!!4067177565.jpg_40x40q90.jpg,//img.alicdn.com/imgextra/i3/4067177565/O1CN0175Phzy25kokL6Dxy5_!!4067177565.jpg_40x40q90.jpg,//img.alicdn.com/imgextra/i1/4067177565/O1CN01W8q8XB25kokMOVOK3_!!4067177565.jpg_40x40q90.jpg,//img.alicdn.com/imgextra/i4/4067177565/O1CN013auIIQ25kokHdKuZ9_!!4067177565.jpg_40x40q90.jpg,//img.alicdn.com/imgextra/i2/4067177565/O1CN01fKkPtR25kokKAuiav_!!4067177565.jpg_40x40q90.jpg,//img.alicdn.com/imgextra/i3/4067177565/O1CN01m2UZOH25kokKxm2fh_!!4067177565.jpg_40x40q90.jpg,//img.alicdn.com/imgextra/i2/4067177565/O1CN01Bi8nFt25kokLbkWVK_!!4067177565.jpg_40x40q90.jpg,//img.alicdn.com/imgextra/i4/4067177565/O1CN017iJtmp25kokJoHDPv_!!4067177565.jpg_40x40q90.jpg,//img.alicdn.com/imgextra/i3/4067177565/O1CN0186f8RI25kokKz3o1O_!!4067177565.jpg_40x40q90.jpg,//img.alicdn.com/imgextra/i4/4067177565/O1CN01IxGVaS25kokKAuRxa_!!4067177565.jpg_40x40q90.jpg,//img.alicdn.com/imgextra/i1/4067177565/O1CN01q8YjMR25kokL6EASO_!!4067177565.jpg_40x40q90.jpg,//img.alicdn.com/imgextra/i4/4067177565/O1CN01O5BkKl25kokLbkWVs_!!4067177565.jpg_40x40q90.jpg,//img.alicdn.com/imgextra/i4/4067177565/O1CN015ewpPZ25kokLblSiy_!!4067177565.jpg_40x40q90.jpg,//img.alicdn.com/imgextra/i1/4067177565/O1CN01TEeY0Y25kokL6ER4U_!!4067177565.jpg_40x40q90.jpg,//img.alicdn.com/imgextra/i1/4067177565/O1CN01nOXFg025kokIlxQAp_!!4067177565.jpg_40x40q90.jpg,//img.alicdn.com/imgextra/i2/4067177565/O1CN01G6zkap25kokK73fKs_!!4067177565.jpg_40x40q90.jpg,//img.alicdn.com/imgextra/i2/4067177565/O1CN01C8qW3225kokJoG8wO_!!4067177565.jpg_40x40q90.jpg,//img.alicdn.com/imgextra/i1/4067177565/O1CN01ifnABk25kokKxlAir_!!4067177565.png_40x40q90.jpg,//img.alicdn.com/imgextra/i2/4067177565/O1CN01F9HwnR25kokHdNWhV_!!4067177565.png_40x40q90.jpg,//img.alicdn.com/imgextra/i2/4067177565/O1CN01J1u6qD25kokIlwHYb_!!4067177565.png_40x40q90.jpg,//img.alicdn.com/imgextra/i2/4067177565/O1CN01KDksP425kokKAvn5s_!!4067177565.jpg_40x40q90.jpg
简易实木双人床主卧1.8米现代简约1.5米出租房床1.2经济型单人床,show_image,//img.alicdn.com/imgextra/i4/4067177565/O1CN0150v3Ib25koluwJXdv_!!0-item_pic.jpg_60x60q90.jpg,//img.alicdn.com/imgextra/i4/4067177565/O1CN014rjJqS25kokbuNW3L_!!4067177565.jpg_60x60q90.jpg,//img.alicdn.com/imgextra/i1/4067177565/O1CN018D7RH325kokZUMcwD_!!4067177565.jpg_60x60q90.jpg,//img.alicdn.com/imgextra/i1/4067177565/O1CN01zqfFUt25kokYOuHCr_!!4067177565.jpg_60x60q90.jpg
简易实木双人床主卧1.8米现代简约1.5米出租房床1.2经济型单人床,classify_image,//img.alicdn.com/imgextra/i2/4067177565/O1CN012pCsLW25kokYOv9Gu_!!4067177565.jpg_40x40q90.jpg,//img.alicdn.com/imgextra/i3/4067177565/O1CN01cpWWL225kokaicS4s_!!4067177565.jpg_40x40q90.jpg,//img.alicdn.com/imgextra/i3/4067177565/O1CN017l3Tu225kokXHP2yg_!!4067177565.jpg_40x40q90.jpg,//img.alicdn.com/imgextra/i2/4067177565/O1CN013vdkic25kokcUz8f8_!!4067177565.jpg_40x40q90.jpg,//img.alicdn.com/imgextra/i2/4067177565/O1CN012pCsLW25kokYOv9Gu_!!4067177565.jpg_40x40q90.jpg,//img.alicdn.com/imgextra/i3/4067177565/O1CN01cpWWL225kokaicS4s_!!4067177565.jpg_40x40q90.jpg,//img.alicdn.com/imgextra/i4/4067177565/O1CN0127k8m625kokXHQn4a_!!4067177565.jpg_40x40q90.jpg,//img.alicdn.com/imgextra/i2/4067177565/O1CN013vdkic25kokcUz8f8_!!4067177565.jpg_40x40q90.jpg,//img.alicdn.com/imgextra/i2/4067177565/O1CN01SOYSzm25kokYOto9m_!!4067177565.jpg_40x40q90.jpg,//img.alicdn.com/imgextra/i1/4067177565/O1CN01ftOwbc25kokZqBAwb_!!4067177565.jpg_40x40q90.jpg,//img.alicdn.com/imgextra/i2/4067177565/O1CN01CGTLGp25kokagGh6O_!!4067177565.jpg_40x40q90.jpg,//img.alicdn.com/imgextra/i1/4067177565/O1CN0108U40N25kokaowiDP_!!4067177565.jpg_40x40q90.jpg,//img.alicdn.com/imgextra/i2/4067177565/O1CN01SOYSzm25kokYOto9m_!!4067177565.jpg_40x40q90.jpg,//img.alicdn.com/imgextra/i1/4067177565/O1CN01ftOwbc25kokZqBAwb_!!4067177565.jpg_40x40q90.jpg,//img.alicdn.com/imgextra/i2/4067177565/O1CN01CGTLGp25kokagGh6O_!!4067177565.jpg_40x40q90.jpg,//img.alicdn.com/imgextra/i1/4067177565/O1CN0108U40N25kokaowiDP_!!4067177565.jpg_40x40q90.jpg
木板床垫硬板经济型实木成人加宽学生宿舍单折叠1.5拼接架子护腰,show_image,//img.alicdn.com/imgextra/i4/4067177565/O1CN01HQ0Gd225kolxsl2Nt_!!0-item_pic.jpg_60x60q90.jpg,//img.alicdn.com/imgextra/i2/4067177565/O1CN011qdpnb25kokaJpRAI_!!4067177565.jpg_60x60q90.jpg,//img.alicdn.com/imgextra/i1/4067177565/O1CN01NELWi825kokaew5wr_!!4067177565.jpg_60x60q90.jpg,//img.alicdn.com/imgextra/i4/4067177565/O1CN01lmz46H25kokaewMZb_!!4067177565.jpg_60x60q90.jpg
木板床垫硬板经济型实木成人加宽学生宿舍单折叠1.5拼接架子护腰,classify_image
打印机架子置物架落地复印桌子柜子放置收纳架放办公室工作台,show_image,//img.alicdn.com/imgextra/i2/4067177565/O1CN01rcFyXA25konsbMWqj_!!0-item_pic.jpg_60x60q90.jpg,//img.alicdn.com/imgextra/i1/4067177565/O1CN01OCxJj025kokbdJt97_!!4067177565.jpg_60x60q90.jpg,//img.alicdn.com/imgextra/i1/4067177565/O1CN01Dr8GHH25kokXqplFm_!!4067177565.jpg_60x60q90.jpg,//img.alicdn.com/imgextra/i4/4067177565/O1CN01w52nOi25konqVOhmm_!!4067177565.jpg_60x60q90.jpg,//img.alicdn.com/imgextra/i3/4067177565/O1CN01IWPTDc25kokalas99_!!4067177565.jpg_60x60q90.jpg
打印机架子置物架落地复印桌子柜子放置收纳架放办公室工作台,classify_image
式折叠矮阳光房小靠椅圆凳坐椅座阅读简约便捷乡村布椅子懒人椅,show_image,//img.alicdn.com/imgextra/i2/4067177565/O1CN01UlQdW125kolyAuOPR_!!0-item_pic.jpg_60x60q90.jpg,//img.alicdn.com/imgextra/i3/4067177565/O1CN01Asj5KD25kokc4OLkl_!!4067177565.jpg_60x60q90.jpg,//img.alicdn.com/imgextra/i4/4067177565/O1CN017ppt5L25kokelpAj0_!!4067177565.jpg_60x60q90.jpg,//img.alicdn.com/imgextra/i1/4067177565/O1CN01ssv0nu25kokd4xn7x_!!4067177565.jpg_60x60q90.jpg,//img.alicdn.com/imgextra/i3/4067177565/O1CN01QRKJEL25kokc6yCUy_!!4067177565.jpg_60x60q90.jpg
式折叠矮阳光房小靠椅圆凳坐椅座阅读简约便捷乡村布椅子懒人椅,classify_image
床上衣柜女宿舍大学生寝室神器上铺下铺收纳小衣柜床头床尾置物架,show_image,//img.alicdn.com/imgextra/i4/4067177565/O1CN01LhrOCW25kom0zURs6_!!0-item_pic.jpg_60x60q90.jpg,//img.alicdn.com/imgextra/i1/4067177565/O1CN01X5EQrx25kokeaSN3R_!!4067177565.jpg_60x60q90.jpg,//img.alicdn.com/imgextra/i2/4067177565/O1CN01mMFwb825kokdidVrb_!!4067177565.jpg_60x60q90.jpg,//img.alicdn.com/imgextra/i1/4067177565/O1CN01wgLTuR25kokeaT6oG_!!4067177565.jpg_60x60q90.jpg,//img.alicdn.com/imgextra/i4/4067177565/O1CN013H3gMg25kokd7KjAX_!!4067177565.jpg_60x60q90.jpg
床上衣柜女宿舍大学生寝室神器上铺下铺收纳小衣柜床头床尾置物架,classify_image,//img.alicdn.com/imgextra/i1/4067177565/O1CN01TxRKT725kokeaV7aD_!!4067177565.jpg_40x40q90.jpg,//img.alicdn.com/imgextra/i1/4067177565/O1CN016ppJEI25kokeaUv6M_!!4067177565.jpg_40x40q90.jpg,//img.alicdn.com/imgextra/i1/4067177565/O1CN01RmgF9T25kokeaVrK0_!!4067177565.jpg_40x40q90.jpg,//img.alicdn.com/imgextra/i3/4067177565/O1CN01s7MWEZ25kokejar31_!!4067177565.jpg_40x40q90.jpg,//img.alicdn.com/imgextra/i2/4067177565/O1CN01OhRZQo25kokg2CDXS_!!4067177565.jpg_40x40q90.jpg,//img.alicdn.com/imgextra/i4/4067177565/O1CN01wIIM7825kokfpKBjJ_!!4067177565.jpg_40x40q90.jpg,//img.alicdn.com/imgextra/i2/4067177565/O1CN01mMFwb825kokdidVrb_!!4067177565.jpg_40x40q90.jpg,//img.alicdn.com/imgextra/i3/4067177565/O1CN01Rr3AXN25kokdlTwu4_!!4067177565.jpg_40x40q90.jpg,//img.alicdn.com/imgextra/i3/4067177565/O1CN01ReZhPZ25kokedHfP3_!!4067177565.jpg_40x40q90.jpg,//img.alicdn.com/imgextra/i1/4067177565/O1CN01e59kzS25kokeaVj04_!!4067177565.jpg_40x40q90.jpg,//img.alicdn.com/imgextra/i3/4067177565/O1CN01HwxH9I25kokdlUPyo_!!4067177565.jpg_40x40q90.jpg,//img.alicdn.com/imgextra/i1/4067177565/O1CN01X5EQrx25kokeaSN3R_!!4067177565.jpg_40x40q90.jpg,//img.alicdn.com/imgextra/i1/4067177565/O1CN01x5ill125kokfpKag6_!!4067177565.jpg_40x40q90.jpg,//img.alicdn.com/imgextra/i1/4067177565/O1CN017ZZxtN25kokdlWhOz_!!4067177565.jpg_40x40q90.jpg,//img.alicdn.com/imgextra/i3/4067177565/O1CN01guW4XZ25kokfDqSms_!!4067177565.jpg_40x40q90.jpg,//img.alicdn.com/imgextra/i1/4067177565/O1CN01JTlKuC25kokd7MKyO_!!4067177565.jpg_40x40q90.jpg,//img.alicdn.com/imgextra/i3/4067177565/O1CN01y0u7Mp25kokWeag8l_!!4067177565.jpg_40x40q90.jpg,//img.alicdn.com/imgextra/i4/4067177565/O1CN01wIIM7825kokfpKBjJ_!!4067177565.jpg_40x40q90.jpg,//img.alicdn.com/imgextra/i2/4067177565/O1CN01Lof1EL25kokedKPuE_!!4067177565.jpg_40x40q90.jpg,//img.alicdn.com/imgextra/i3/4067177565/O1CN01INpFn525kokcICdLw_!!4067177565.jpg_40x40q90.jpg,//img.alicdn.com/imgextra/i4/4067177565/O1CN01D9m4og25kokdkv9kw_!!4067177565.jpg_40x40q90.jpg,//img.alicdn.com/imgextra/i3/4067177565/O1CN012dquG325kokcID2Fv_!!4067177565.jpg_40x40q90.jpg,//img.alicdn.com/imgextra/i1/4067177565/O1CN01lkuBeN25kokdkwlW9_!!4067177565.jpg_40x40q90.jpg,//img.alicdn.com/imgextra/i4/4067177565/O1CN01q1lb5a25kokgQVFnn_!!4067177565.jpg_40x40q90.jpg
的布拉链式收纳架烘干不锈钢装家用布罩外简易衣柜韩式挂+一次性,show_image,//img.alicdn.com/imgextra/i4/4067177565/O1CN016feEsS25kolxUx0qY_!!0-item_pic.jpg_60x60q90.jpg,//img.alicdn.com/imgextra/i4/4067177565/O1CN01ISng3n25kokeWZdwh_!!4067177565.jpg_60x60q90.jpg,//img.alicdn.com/imgextra/i4/4067177565/O1CN01gqWQTl25kokc5H80m_!!4067177565.jpg_60x60q90.jpg
的布拉链式收纳架烘干不锈钢装家用布罩外简易衣柜韩式挂+一次性,classify_image,//img.alicdn.com/imgextra/i1/4067177565/O1CN01gDYAq325kokduyOjA_!!4067177565.jpg_40x40q90.jpg,//img.alicdn.com/imgextra/i3/4067177565/O1CN010QEXga25kokcS4u9l_!!4067177565.jpg_40x40q90.jpg,//img.alicdn.com/imgextra/i2/4067177565/O1CN01hg0J0P25kokbp2NVv_!!4067177565.jpg_40x40q90.jpg,//img.alicdn.com/imgextra/i4/4067177565/O1CN01E16gl725kokcQ8g0D_!!4067177565.jpg_40x40q90.jpg,//img.alicdn.com/imgextra/i1/4067177565/O1CN01CA0rB225kokazwprS_!!4067177565.jpg_40x40q90.jpg,//img.alicdn.com/imgextra/i4/4067177565/O1CN01A0MXV925kokZsh77H_!!4067177565.jpg_40x40q90.jpg,//img.alicdn.com/imgextra/i4/4067177565/O1CN01EMHmwU25kokeWaeKA_!!4067177565.jpg_40x40q90.jpg,//img.alicdn.com/imgextra/i1/4067177565/O1CN01l3qtJV25kokf7nOZM_!!4067177565.jpg_40x40q90.jpg,//img.alicdn.com/imgextra/i3/4067177565/O1CN01lI97ut25kokaePrfc_!!4067177565.jpg_40x40q90.jpg,//img.alicdn.com/imgextra/i4/4067177565/O1CN01Wgktcf25kokeWZZmv_!!4067177565.jpg_40x40q90.jpg,//img.alicdn.com/imgextra/i3/4067177565/O1CN01A2LR7825kokenljsq_!!4067177565.jpg_40x40q90.jpg,//img.alicdn.com/imgextra/i3/4067177565/O1CN01CYsxWX25kokcSb4qp_!!4067177565.jpg_40x40q90.jpg,//img.alicdn.com/imgextra/i2/4067177565/O1CN011fScGO25kokeWZi6V_!!4067177565.jpg_40x40q90.jpg,//img.alicdn.com/imgextra/i3/4067177565/O1CN01FOZyVQ25kokcSaTSg_!!4067177565.jpg_40x40q90.jpg,//img.alicdn.com/imgextra/i3/4067177565/O1CN01fBcGMN25kokZsfyT6_!!4067177565.jpg_40x40q90.jpg,//img.alicdn.com/imgextra/i4/4067177565/O1CN011dd9pH25kokcSccTZ_!!4067177565.jpg_40x40q90.jpg,//img.alicdn.com/imgextra/i4/4067177565/O1CN01gE3fZ225kokVMK8wH_!!4067177565.jpg_40x40q90.jpg,//img.alicdn.com/imgextra/i3/4067177565/O1CN015j8qcr25kokcSZwDm_!!4067177565.jpg_40x40q90.jpg,//img.alicdn.com/imgextra/i3/4067177565/O1CN01QKFhvr25kokcSbHLn_!!4067177565.jpg_40x40q90.jpg,//img.alicdn.com/imgextra/i4/4067177565/O1CN01DBXpFs25kokbp2umZ_!!4067177565.jpg_40x40q90.jpg,//img.alicdn.com/imgextra/i4/4067177565/O1CN01aCcRsF25kokazw1yd_!!4067177565.jpg_40x40q90.jpg,//img.alicdn.com/imgextra/i1/4067177565/O1CN01pqpgPe25kokcScPzy_!!4067177565.jpg_40x40q90.jpg,//img.alicdn.com/imgextra/i1/4067177565/O1CN01juP3hx25kokdIGKh0_!!4067177565.jpg_40x40q90.jpg,//img.alicdn.com/imgextra/i3/4067177565/O1CN01mvhgFY25kokaePjNA_!!4067177565.jpg_40x40q90.jpg
餐边柜茶柜茶水柜客厅简约现代实木制中式办公室收纳小型储物柜子,show_image,//img.alicdn.com/imgextra/i4/4067177565/O1CN01jfSvtL25kolvp5fj2_!!0-item_pic.jpg_60x60q90.jpg,//img.alicdn.com/imgextra/i1/4067177565/O1CN01QS9igK25kokllrku7_!!4067177565.jpg_60x60q90.jpg,//img.alicdn.com/imgextra/i1/4067177565/O1CN01SCBU8n25kokjTBZQc_!!4067177565.jpg_60x60q90.jpg,//img.alicdn.com/imgextra/i3/4067177565/O1CN012juBwk25kokluxglS_!!4067177565.jpg_60x60q90.jpg
餐边柜茶柜茶水柜客厅简约现代实木制中式办公室收纳小型储物柜子,classify_image,//img.alicdn.com/imgextra/i2/4067177565/O1CN01Ee8u4l25kokmQtMA8_!!4067177565.jpg_40x40q90.jpg,//img.alicdn.com/imgextra/i3/4067177565/O1CN014UzLvs25kokllqx2p_!!4067177565.jpg_40x40q90.jpg,//img.alicdn.com/imgextra/i1/4067177565/O1CN01SCBU8n25kokjTBZQc_!!4067177565.jpg_40x40q90.jpg,//img.alicdn.com/imgextra/i4/4067177565/O1CN012OAx3i25kokkvAAfN_!!4067177565.jpg_40x40q90.jpg,//img.alicdn.com/imgextra/i3/4067177565/O1CN012juBwk25kokluxglS_!!4067177565.jpg_40x40q90.jpg,//img.alicdn.com/imgextra/i4/4067177565/O1CN016MzRRM25kokkteKbw_!!4067177565.jpg_40x40q90.jpg,//img.alicdn.com/imgextra/i3/4067177565/O1CN01iy1gFc25kokllr5LL_!!4067177565.jpg_40x40q90.jpg,//img.alicdn.com/imgextra/i4/4067177565/O1CN017oSIMm25kokkv8lNs_!!4067177565.jpg_40x40q90.jpg,//img.alicdn.com/imgextra/i1/4067177565/O1CN01DaTM6n25kokdn71JM_!!4067177565.jpg_40x40q90.jpg,//img.alicdn.com/imgextra/i4/4067177565/O1CN01Gt9BfP25kokn32q4W_!!4067177565.jpg_40x40q90.jpg
实木写字桌子家用小圆桌方桌儿童宝宝学习桌玩具桌幼儿园桌游戏桌,show_image,//img.alicdn.com/imgextra/i2/4067177565/O1CN012yqpkv25kom1cwHHH_!!0-item_pic.jpg_60x60q90.jpg,//img.alicdn.com/imgextra/i3/4067177565/O1CN01darUYj25koko6J5Tx_!!4067177565.jpg_60x60q90.jpg,//img.alicdn.com/imgextra/i1/4067177565/O1CN01VQMiLl25kokn9Z9XV_!!4067177565.jpg_60x60q90.jpg
实木写字桌子家用小圆桌方桌儿童宝宝学习桌玩具桌幼儿园桌游戏桌,classify_image,//img.alicdn.com/imgextra/i2/4067177565/O1CN01DHBTwJ25kokmWuSe6_!!4067177565.jpg_40x40q90.jpg,//img.alicdn.com/imgextra/i4/4067177565/O1CN01GOuIT325koko0qaWN_!!4067177565.jpg_40x40q90.jpg,//img.alicdn.com/imgextra/i3/4067177565/O1CN01UtLqqo25koklMR91i_!!4067177565.jpg_40x40q90.jpg,//img.alicdn.com/imgextra/i4/4067177565/O1CN01LxFb4b25kokmoSZwY_!!4067177565.jpg_40x40q90.jpg,//img.alicdn.com/imgextra/i2/4067177565/O1CN017if0Hf25kokmWvT0I_!!4067177565.jpg_40x40q90.jpg,//img.alicdn.com/imgextra/i3/4067177565/O1CN01SRy4wa25kokpV1ciD_!!4067177565.jpg_40x40q90.jpg,//img.alicdn.com/imgextra/i1/4067177565/O1CN01Y9U1Ae25kokg2WAHp_!!4067177565.jpg_40x40q90.jpg,//img.alicdn.com/imgextra/i4/4067177565/O1CN011DtWEX25kokoglRH0_!!4067177565.jpg_40x40q90.jpg
电脑显示器增高架子垫高架抬高升高托架底座支架办公桌收纳文件架,show_image,//img.alicdn.com/imgextra/i1/4067177565/O1CN01gnOMOO25kolxlJCfM_!!2-item_pic.png_60x60q90.jpg,//img.alicdn.com/imgextra/i2/4067177565/O1CN01MWy7yl25kokqPevvk_!!4067177565.jpg_60x60q90.jpg,//img.alicdn.com/imgextra/i4/4067177565/O1CN018ZDey225kokqEjwhU_!!4067177565.jpg_60x60q90.jpg,//img.alicdn.com/imgextra/i1/4067177565/O1CN01NoxJEW25kokqKAy84_!!4067177565.jpg_60x60q90.jpg
电脑显示器增高架子垫高架抬高升高托架底座支架办公桌收纳文件架,classify_image,//img.alicdn.com/imgextra/i1/4067177565/O1CN01fy8lWI25kokqEjPTm_!!4067177565.jpg_40x40q90.jpg,//img.alicdn.com/imgextra/i3/4067177565/O1CN01dQfD1325kokqKB2IJ_!!4067177565.jpg_40x40q90.jpg,//img.alicdn.com/imgextra/i2/4067177565/O1CN01sWOW8325kokqEk9BY_!!4067177565.jpg_40x40q90.jpg,//img.alicdn.com/imgextra/i1/4067177565/O1CN01dAwsfV25kokna9Ynb_!!4067177565.jpg_40x40q90.jpg,//img.alicdn.com/imgextra/i2/4067177565/O1CN01OO7kVg25kokpMGgAk_!!4067177565.jpg_40x40q90.jpg,//img.alicdn.com/imgextra/i4/4067177565/O1CN01wZ4mcv25kokqv6WZ7_!!4067177565.jpg_40x40q90.jpg,//img.alicdn.com/imgextra/i4/4067177565/O1CN01VGLAd225kokiFjZ6n_!!4067177565.jpg_40x40q90.jpg,//img.alicdn.com/imgextra/i1/4067177565/O1CN01vW0OgH25koks8mQKe_!!4067177565.jpg_40x40q90.jpg,//img.alicdn.com/imgextra/i2/4067177565/O1CN01cLZNiH25koknv0J19_!!4067177565.jpg_40x40q90.jpg,//img.alicdn.com/imgextra/i2/4067177565/O1CN01DfJT8h25kokrXk9Xv_!!4067177565.jpg_40x40q90.jpg,//img.alicdn.com/imgextra/i3/4067177565/O1CN01dDadn625kokpQVe5K_!!4067177565.jpg_40x40q90.jpg,//img.alicdn.com/imgextra/i4/4067177565/O1CN01e9yHCq25kokpQVAyz_!!4067177565.png_40x40q90.jpg,//img.alicdn.com/imgextra/i2/4067177565/O1CN01ljwcZ825kokqv5mqx_!!4067177565.jpg_40x40q90.jpg,//img.alicdn.com/imgextra/i4/4067177565/O1CN01gNRGAa25kokrXjkbT_!!4067177565.jpg_40x40q90.jpg,//img.alicdn.com/imgextra/i3/4067177565/O1CN01hOSm8u25kokpOAcbQ_!!4067177565.jpg_40x40q90.jpg,//img.alicdn.com/imgextra/i3/4067177565/O1CN01DvBdCf25kokiFi5cR_!!4067177565.jpg_40x40q90.jpg,//img.alicdn.com/imgextra/i3/4067177565/O1CN011DJA6y25kokpMI5Vf_!!4067177565.jpg_40x40q90.jpg,//img.alicdn.com/imgextra/i1/4067177565/O1CN01cMIZsV25koks8m5Za_!!4067177565.jpg_40x40q90.jpg,//img.alicdn.com/imgextra/i1/4067177565/O1CN01nt1m4j25kokiFjZ7r_!!4067177565.jpg_40x40q90.jpg,//img.alicdn.com/imgextra/i2/4067177565/O1CN01MWy7yl25kokqPevvk_!!4067177565.jpg_40x40q90.jpg,//img.alicdn.com/imgextra/i2/4067177565/O1CN013GE8Sw25kokpOBQVL_!!4067177565.jpg_40x40q90.jpg,//img.alicdn.com/imgextra/i3/4067177565/O1CN01NBQEUa25kokmo74Xu_!!4067177565.jpg_40x40q90.jpg,//img.alicdn.com/imgextra/i1/4067177565/O1CN01XjAkQJ25koknv2zKt_!!4067177565.jpg_40x40q90.jpg,//img.alicdn.com/imgextra/i2/4067177565/O1CN01Ndg0uA25kokqv6j5S_!!4067177565.jpg_40x40q90.jpg
落地的50长方形橱房北欧茶杯柜储藏客厅厨房家用靠墙储物柜柜子,show_image,//img.alicdn.com/imgextra/i2/4067177565/O1CN01W7zKkB25kolxUuCAh_!!0-item_pic.jpg_60x60q90.jpg,//img.alicdn.com/imgextra/i1/4067177565/O1CN01yxt2Im25kokwRhF1e_!!4067177565.jpg_60x60q90.jpg,//img.alicdn.com/imgextra/i2/4067177565/O1CN01V9Gy1w25koktcUCD3_!!4067177565.jpg_60x60q90.jpg
落地的50长方形橱房北欧茶杯柜储藏客厅厨房家用靠墙储物柜柜子,classify_image,//img.alicdn.com/imgextra/i4/4067177565/O1CN01JfKGwR25kokwf669c_!!4067177565.jpg_40x40q90.jpg,//img.alicdn.com/imgextra/i4/4067177565/O1CN019aXl5r25kokrfuUkw_!!4067177565.jpg_40x40q90.jpg,//img.alicdn.com/imgextra/i3/4067177565/O1CN01JF3IKu25kokrfuMRX_!!4067177565.jpg_40x40q90.jpg,//img.alicdn.com/imgextra/i3/4067177565/O1CN01eZgfNp25kokn770gt_!!4067177565.jpg_40x40q90.jpg,//img.alicdn.com/imgextra/i3/4067177565/O1CN011Nh8Gd25kokwRhqSe_!!4067177565.jpg_40x40q90.jpg,//img.alicdn.com/imgextra/i2/4067177565/O1CN01OcmMO625koktcWTZp_!!4067177565.jpg_40x40q90.jpg,//img.alicdn.com/imgextra/i1/4067177565/O1CN01GEqeB725kokwf6V7o_!!4067177565.jpg_40x40q90.jpg,//img.alicdn.com/imgextra/i4/4067177565/O1CN01iqxbMs25kokuFQ9ev_!!4067177565.jpg_40x40q90.jpg,//img.alicdn.com/imgextra/i2/4067177565/O1CN01Fo5Is125kokv6EVLG_!!4067177565.jpg_40x40q90.jpg,//img.alicdn.com/imgextra/i1/4067177565/O1CN01c2tdZn25kokwf51fY_!!4067177565.jpg_40x40q90.jpg,//img.alicdn.com/imgextra/i4/4067177565/O1CN01Vx3c7125kokx3gO9h_!!4067177565.jpg_40x40q90.jpg,//img.alicdn.com/imgextra/i1/4067177565/O1CN01wCOPrf25koksRzwGF_!!4067177565.jpg_40x40q90.jpg,//img.alicdn.com/imgextra/i4/4067177565/O1CN01nIXnhd25kokx3gad8_!!4067177565.jpg_40x40q90.jpg,//img.alicdn.com/imgextra/i1/4067177565/O1CN01D7Lyay25koksRyvth_!!4067177565.jpg_40x40q90.jpg,//img.alicdn.com/imgextra/i2/4067177565/O1CN01ugUCpZ25kokrfsPtk_!!4067177565.jpg_40x40q90.jpg,//img.alicdn.com/imgextra/i3/4067177565/O1CN0108pQkF25kokwRhi8j_!!4067177565.jpg_40x40q90.jpg,//img.alicdn.com/imgextra/i4/4067177565/O1CN019HsE1w25kokvD3jNa_!!4067177565.jpg_40x40q90.jpg,//img.alicdn.com/imgextra/i1/4067177565/O1CN01yJKnEe25kokuJGPtx_!!4067177565.jpg_40x40q90.jpg,//img.alicdn.com/imgextra/i2/4067177565/O1CN01X1fsem25kokwRkG7b_!!4067177565.jpg_40x40q90.jpg,//img.alicdn.com/imgextra/i2/4067177565/O1CN01h1kY2N25koktuVFM5_!!4067177565.jpg_40x40q90.jpg,//img.alicdn.com/imgextra/i3/4067177565/O1CN01uy9A8h25koktcVo1e_!!4067177565.jpg_40x40q90.jpg,//img.alicdn.com/imgextra/i1/4067177565/O1CN01YxJjEs25kokn78t5o_!!4067177565.jpg_40x40q90.jpg,//img.alicdn.com/imgextra/i4/4067177565/O1CN01I8m6x625kokwf7J0C_!!4067177565.jpg_40x40q90.jpg
白色店铺卧室窗桌子小茶几可收纳家用床边双层美容院办公室矮桌,show_image,//img.alicdn.com/imgextra/i4/4067177565/O1CN010STByf25koluwFiOf_!!0-item_pic.jpg_60x60q90.jpg,//img.alicdn.com/imgextra/i4/4067177565/O1CN01Axh9bo25kol4zf8yN_!!4067177565.jpg_60x60q90.jpg,//img.alicdn.com/imgextra/i3/4067177565/O1CN01IvE0XU25kokwE6qh4_!!4067177565.jpg_60x60q90.jpg,//img.alicdn.com/imgextra/i4/4067177565/O1CN01i9PAOV25kol2mGyQ3_!!4067177565.jpg_60x60q90.jpg,//img.alicdn.com/imgextra/i2/4067177565/O1CN01oAXiBA25kol3OOR3X_!!4067177565.jpg_60x60q90.jpg
白色店铺卧室窗桌子小茶几可收纳家用床边双层美容院办公室矮桌,classify_image,//img.alicdn.com/imgextra/i3/4067177565/O1CN013EvQux25kol3NsctT_!!4067177565.jpg_40x40q90.jpg,//img.alicdn.com/imgextra/i2/4067177565/O1CN01h5s1Pj25kol3OOIjL_!!4067177565.jpg_40x40q90.jpg,//img.alicdn.com/imgextra/i3/4067177565/O1CN01cBiYFa25kol3NvVgq_!!4067177565.jpg_40x40q90.jpg,//img.alicdn.com/imgextra/i1/4067177565/O1CN01NwILxz25kol3TGHqq_!!4067177565.jpg_40x40q90.jpg,//img.alicdn.com/imgextra/i1/4067177565/O1CN01nLEMo925kol3TGM1S_!!4067177565.jpg_40x40q90.jpg,//img.alicdn.com/imgextra/i1/4067177565/O1CN01gsxeu625kol1YlgLi_!!4067177565.jpg_40x40q90.jpg,//img.alicdn.com/imgextra/i1/4067177565/O1CN01bRkOyX25kol33vo3k_!!4067177565.jpg_40x40q90.jpg,//img.alicdn.com/imgextra/i1/4067177565/O1CN014MuRZQ25kol4Ea8By_!!4067177565.jpg_40x40q90.jpg,//img.alicdn.com/imgextra/i1/4067177565/O1CN016zjDdf25kol33y9Xx_!!4067177565.jpg_40x40q90.jpg,//img.alicdn.com/imgextra/i1/4067177565/O1CN01GLYMTv25kol2mIRtA_!!4067177565.jpg_40x40q90.jpg,//img.alicdn.com/imgextra/i2/4067177565/O1CN01EjlzDr25kokwE56fv_!!4067177565.jpg_40x40q90.jpg,//img.alicdn.com/imgextra/i1/4067177565/O1CN01Ar4EGe25kol5pUsHh_!!4067177565.jpg_40x40q90.jpg,//img.alicdn.com/imgextra/i1/4067177565/O1CN01e00Kb625kol4NWfba_!!4067177565.jpg_40x40q90.jpg,//img.alicdn.com/imgextra/i1/4067177565/O1CN01jOtIzw25kol2mGEiS_!!4067177565.jpg_40x40q90.jpg,//img.alicdn.com/imgextra/i4/4067177565/O1CN01cn5lmP25kol5pTjai_!!4067177565.jpg_40x40q90.jpg,//img.alicdn.com/imgextra/i2/4067177565/O1CN01bDS93925kol3TF52a_!!4067177565.jpg_40x40q90.jpg,//img.alicdn.com/imgextra/i3/4067177565/O1CN01OGQPOA25kol5ctUlk_!!4067177565.jpg_40x40q90.jpg,//img.alicdn.com/imgextra/i1/4067177565/O1CN01FTC5VX25kol33yHsW_!!4067177565.jpg_40x40q90.jpg,//img.alicdn.com/imgextra/i1/4067177565/O1CN01PBz91m25kol5pTSyd_!!4067177565.jpg_40x40q90.jpg,//img.alicdn.com/imgextra/i2/4067177565/O1CN01JkACIJ25kol5ctUlh_!!4067177565.jpg_40x40q90.jpg,//img.alicdn.com/imgextra/i2/4067177565/O1CN01sM84S125kol5ctYw2_!!4067177565.jpg_40x40q90.jpg,//img.alicdn.com/imgextra/i3/4067177565/O1CN01D56NHp25kol4zfXwG_!!4067177565.jpg_40x40q90.jpg,//img.alicdn.com/imgextra/i1/4067177565/O1CN01mzLeL925kol33wLJ6_!!4067177565.jpg_40x40q90.jpg,//img.alicdn.com/imgextra/i1/4067177565/O1CN01vVkTvX25kol6EvCA4_!!4067177565.jpg_40x40q90.jpg
简易床出租房专用 双人 经济型樟子松实木床1.35米一米二床单人床,show_image,//img.alicdn.com/imgextra/i1/4067177565/O1CN01WbrgCv25kolMDMRnF_!!0-item_pic.jpg_60x60q90.jpg,//img.alicdn.com/imgextra/i4/4067177565/O1CN01CpFpZq25kolKpNgzy_!!4067177565.jpg_60x60q90.jpg,//img.alicdn.com/imgextra/i3/4067177565/O1CN01vJ3AD925kolLzjM3X_!!4067177565.jpg_60x60q90.jpg,//img.alicdn.com/imgextra/i3/4067177565/O1CN01ps6nGt25kolKpPZPU_!!4067177565.jpg_60x60q90.jpg
简易床出租房专用 双人 经济型樟子松实木床1.35米一米二床单人床,classify_image
儿童椅宝宝小椅子塑料靠背椅叫叫椅小板凳幼儿园小凳子带餐盘可选,show_image,//img.alicdn.com/imgextra/i2/4067177565/O1CN01ZGvGlr25kolFKHCtD_!!0-item_pic.jpg_60x60q90.jpg,//img.alicdn.com/imgextra/i3/4067177565/O1CN01H4jlxl25kolGsxNig_!!4067177565.jpg_60x60q90.jpg,//img.alicdn.com/imgextra/i1/4067177565/O1CN01BOgBQ425kol9yexhZ_!!4067177565.jpg_60x60q90.jpg,//img.alicdn.com/imgextra/i2/4067177565/O1CN01YrMu1P25kolK8OMGn_!!4067177565.jpg_60x60q90.jpg,//img.alicdn.com/imgextra/i1/4067177565/O1CN01RXWqS025kolJUT6f6_!!4067177565.jpg_60x60q90.jpg
儿童椅宝宝小椅子塑料靠背椅叫叫椅小板凳幼儿园小凳子带餐盘可选,classify_image,//img.alicdn.com/imgextra/i1/4067177565/O1CN01aTs6ho25kolGZRLlu_!!4067177565.jpg_40x40q90.jpg,//img.alicdn.com/imgextra/i4/4067177565/O1CN01EVpB1v25kolIEgMmr_!!4067177565.jpg_40x40q90.jpg,//img.alicdn.com/imgextra/i3/4067177565/O1CN01aSDU1M25kolI3BWZY_!!4067177565.jpg_40x40q90.jpg,//img.alicdn.com/imgextra/i2/4067177565/O1CN01xINWEQ25kolI3BOGO_!!4067177565.jpg_40x40q90.jpg,//img.alicdn.com/imgextra/i1/4067177565/O1CN01xqYBL025kolHB9Ich_!!4067177565.jpg_40x40q90.jpg,//img.alicdn.com/imgextra/i3/4067177565/O1CN012XzJFH25kolEUyRat_!!4067177565.jpg_40x40q90.jpg,//img.alicdn.com/imgextra/i1/4067177565/O1CN01tsD7zX25kolHHaQoJ_!!4067177565.jpg_40x40q90.jpg,//img.alicdn.com/imgextra/i3/4067177565/O1CN01og7OMR25kolK8NtCn_!!4067177565.jpg_40x40q90.jpg,//img.alicdn.com/imgextra/i1/4067177565/O1CN016ng3hd25kolK8O5fT_!!4067177565.jpg_40x40q90.jpg,//img.alicdn.com/imgextra/i2/4067177565/O1CN01QNFZ2g25kolIpLbgj_!!4067177565.jpg_40x40q90.jpg,//img.alicdn.com/imgextra/i2/4067177565/O1CN01np4LCQ25kolFKHoD2_!!4067177565.jpg_40x40q90.jpg,//img.alicdn.com/imgextra/i2/4067177565/O1CN01eOfzhx25kolFgKXRk_!!4067177565.jpg_40x40q90.jpg,//img.alicdn.com/imgextra/i2/4067177565/O1CN014qu3Tk25kolJUSyOt_!!4067177565.jpg_40x40q90.jpg,//img.alicdn.com/imgextra/i3/4067177565/O1CN01ssWk4n25kolIGnsdl_!!4067177565.jpg_40x40q90.jpg,//img.alicdn.com/imgextra/i1/4067177565/O1CN01OohIF925kolJhEpG5_!!4067177565.jpg_40x40q90.jpg,//img.alicdn.com/imgextra/i1/4067177565/O1CN01kYekuZ25kolJhE1NS_!!4067177565.jpg_40x40q90.jpg,//img.alicdn.com/imgextra/i4/4067177565/O1CN018KV5jP25kolEUyqa1_!!4067177565.jpg_40x40q90.jpg,//img.alicdn.com/imgextra/i3/4067177565/O1CN01pVh6vs25kol9yfQrm_!!4067177565.jpg_40x40q90.jpg,//img.alicdn.com/imgextra/i3/4067177565/O1CN01un6EsV25kolI3C83D_!!4067177565.jpg_40x40q90.jpg,//img.alicdn.com/imgextra/i4/4067177565/O1CN01q7INFf25kolGsvq9n_!!4067177565.jpg_40x40q90.jpg,//img.alicdn.com/imgextra/i3/4067177565/O1CN01jbCzZm25kolGsyFpO_!!4067177565.jpg_40x40q90.jpg,//img.alicdn.com/imgextra/i3/4067177565/O1CN016etchL25kol9yhZuU_!!4067177565.jpg_40x40q90.jpg,//img.alicdn.com/imgextra/i1/4067177565/O1CN01tFQXSg25kolI3C84y_!!4067177565.jpg_40x40q90.jpg
墙角装饰木板材料转角打孔扇形隔板墙上置物架拐墙角免三角层板角,show_image,//img.alicdn.com/imgextra/i1/4067177565/O1CN01ULWUqF25kolK6Pqk0_!!0-item_pic.jpg_60x60q90.jpg,//img.alicdn.com/imgextra/i2/4067177565/O1CN01Q5wmXg25kolMmybPV_!!4067177565.jpg_60x60q90.jpg,//img.alicdn.com/imgextra/i4/4067177565/O1CN01JUPfmK25kolOTUBDE_!!4067177565.jpg_60x60q90.jpg
墙角装饰木板材料转角打孔扇形隔板墙上置物架拐墙角免三角层板角,classify_image,//img.alicdn.com/imgextra/i1/4067177565/O1CN017xomxU25kolMumnHE_!!4067177565.jpg_40x40q90.jpg,//img.alicdn.com/imgextra/i3/4067177565/O1CN01e0OwTC25kolNseruQ_!!4067177565.jpg_40x40q90.jpg,//img.alicdn.com/imgextra/i1/4067177565/O1CN017xomxU25kolMumnHE_!!4067177565.jpg_40x40q90.jpg,//img.alicdn.com/imgextra/i2/4067177565/O1CN01z5QAV925kolKwW1ZI_!!4067177565.jpg_40x40q90.jpg,//img.alicdn.com/imgextra/i1/4067177565/O1CN017xomxU25kolMumnHE_!!4067177565.jpg_40x40q90.jpg,//img.alicdn.com/imgextra/i2/4067177565/O1CN01z5QAV925kolKwW1ZI_!!4067177565.jpg_40x40q90.jpg,//img.alicdn.com/imgextra/i1/4067177565/O1CN017xomxU25kolMumnHE_!!4067177565.jpg_40x40q90.jpg,//img.alicdn.com/imgextra/i3/4067177565/O1CN01e0OwTC25kolNseruQ_!!4067177565.jpg_40x40q90.jpg,//img.alicdn.com/imgextra/i3/4067177565/O1CN01e0OwTC25kolNseruQ_!!4067177565.jpg_40x40q90.jpg,//img.alicdn.com/imgextra/i3/4067177565/O1CN01e0OwTC25kolNseruQ_!!4067177565.jpg_40x40q90.jpg,//img.alicdn.com/imgextra/i3/4067177565/O1CN01e0OwTC25kolNseruQ_!!4067177565.jpg_40x40q90.jpg,//img.alicdn.com/imgextra/i3/4067177565/O1CN01e0OwTC25kolNseruQ_!!4067177565.jpg_40x40q90.jpg,//img.alicdn.com/imgextra/i3/4067177565/O1CN01e0OwTC25kolNseruQ_!!4067177565.jpg_40x40q90.jpg,//img.alicdn.com/imgextra/i1/4067177565/O1CN017xomxU25kolMumnHE_!!4067177565.jpg_40x40q90.jpg,//img.alicdn.com/imgextra/i1/4067177565/O1CN017xomxU25kolMumnHE_!!4067177565.jpg_40x40q90.jpg
北欧小吧台桌家用隔断柜现代简约实木创意吧台柜客厅酒柜吧台餐桌,show_image,//img.alicdn.com/imgextra/i1/4067177565/O1CN0171g5cS25kolIkVw5Y_!!0-item_pic.jpg_60x60q90.jpg,//img.alicdn.com/imgextra/i4/4067177565/O1CN01L3svsC25kolPNWoyO_!!4067177565.jpg_60x60q90.jpg,//img.alicdn.com/imgextra/i2/4067177565/O1CN01lS85vl25kolOTxgBv_!!4067177565.jpg_60x60q90.jpg,//img.alicdn.com/imgextra/i2/4067177565/O1CN01mgVgk425kolPNXUaP_!!4067177565.jpg_60x60q90.jpg,//img.alicdn.com/imgextra/i3/4067177565/O1CN01vOPzDu25kolQrQCPB_!!4067177565.jpg_60x60q90.jpg
北欧小吧台桌家用隔断柜现代简约实木创意吧台柜客厅酒柜吧台餐桌,classify_image
仿古实木书法桌书画桌中式家用绘画案写字台榆木书桌椅学生国学桌,show_image,//img.alicdn.com/imgextra/i4/4067177565/O1CN01MQBUXC25kolSa5guz_!!0-item_pic.jpg_60x60q90.jpg,//img.alicdn.com/imgextra/i4/4067177565/O1CN019vbllv25kolIlz6aU_!!4067177565.jpg_60x60q90.jpg,//img.alicdn.com/imgextra/i1/4067177565/O1CN01KPd6aC25kolOVOQrJ_!!4067177565.jpg_60x60q90.jpg,//img.alicdn.com/imgextra/i4/4067177565/O1CN01UT8kYu25kolRhWqf4_!!4067177565.jpg_60x60q90.jpg,//img.alicdn.com/imgextra/i1/4067177565/O1CN01hSQqmB25kolQ2LG3I_!!4067177565.jpg_60x60q90.jpg
仿古实木书法桌书画桌中式家用绘画案写字台榆木书桌椅学生国学桌,classify_image
凳子网红 懒人 卧室折叠凳子便携式迷你金属矮马扎成人休闲户外钓,show_image,//img.alicdn.com/imgextra/i1/4067177565/O1CN018ycZlF25kolTxudT3_!!0-item_pic.jpg_60x60q90.jpg,//img.alicdn.com/imgextra/i4/4067177565/O1CN01meaqXR25kolbFvDx3_!!4067177565.jpg_60x60q90.jpg,//img.alicdn.com/imgextra/i1/4067177565/O1CN01HnlPK625koldrJmOt_!!4067177565.jpg_60x60q90.jpg,//img.alicdn.com/imgextra/i4/4067177565/O1CN01Tu9nl025kolcOY9qx_!!4067177565.jpg_60x60q90.jpg,//img.alicdn.com/imgextra/i2/4067177565/O1CN01BoxVEM25kolZKiOWl_!!4067177565.jpg_60x60q90.jpg
凳子网红 懒人 卧室折叠凳子便携式迷你金属矮马扎成人休闲户外钓,classify_image,//img.alicdn.com/imgextra/i2/4067177565/O1CN01g252SK25kolayyFES_!!4067177565.jpg_40x40q90.jpg,//img.alicdn.com/imgextra/i4/4067177565/O1CN01meaqXR25kolbFvDx3_!!4067177565.jpg_40x40q90.jpg,//img.alicdn.com/imgextra/i2/4067177565/O1CN01uKIEyG25koldqzElp_!!4067177565.jpg_40x40q90.jpg,//img.alicdn.com/imgextra/i3/4067177565/O1CN011UfdVZ25kolcMXh6A_!!4067177565.jpg_40x40q90.jpg,//img.alicdn.com/imgextra/i4/4067177565/O1CN01xPoA6R25kolZKkTMy_!!4067177565.jpg_40x40q90.jpg,//img.alicdn.com/imgextra/i4/4067177565/O1CN010qsG3C25kolcMYy0g_!!4067177565.jpg_40x40q90.jpg,//img.alicdn.com/imgextra/i4/4067177565/O1CN01ZukX6f25kolYVT7Tr_!!4067177565.jpg_40x40q90.jpg,//img.alicdn.com/imgextra/i4/4067177565/O1CN01sQxyNW25kolYVTBdM_!!4067177565.jpg_40x40q90.jpg,//img.alicdn.com/imgextra/i1/4067177565/O1CN01mSYD8425kolbM1g3P_!!4067177565.jpg_40x40q90.jpg,//img.alicdn.com/imgextra/i4/4067177565/O1CN01Tu9nl025kolcOY9qx_!!4067177565.jpg_40x40q90.jpg,//img.alicdn.com/imgextra/i2/4067177565/O1CN01BoxVEM25kolZKiOWl_!!4067177565.jpg_40x40q90.jpg,//img.alicdn.com/imgextra/i1/4067177565/O1CN01ViDV0125kolTxbls8_!!4067177565.jpg_40x40q90.jpg,//img.alicdn.com/imgextra/i1/4067177565/O1CN01VFgf7425kolc99VBZ_!!4067177565.jpg_40x40q90.jpg,//img.alicdn.com/imgextra/i4/4067177565/O1CN01Ss8WJw25koleJtvfK_!!4067177565.jpg_40x40q90.jpg,//img.alicdn.com/imgextra/i1/4067177565/O1CN01OiAWEb25kolbFwu0b_!!4067177565.jpg_40x40q90.jpg,//img.alicdn.com/imgextra/i4/4067177565/O1CN01SYBWQZ25kolczyb7q_!!4067177565.jpg_40x40q90.jpg,//img.alicdn.com/imgextra/i1/4067177565/O1CN01JMqRGT25kolacZMkw_!!4067177565.jpg_40x40q90.jpg,//img.alicdn.com/imgextra/i2/4067177565/O1CN01Ij8Jh225kolcMYlfl_!!4067177565.jpg_40x40q90.jpg,//img.alicdn.com/imgextra/i1/4067177565/O1CN01AIUQZS25kolbM2gSb_!!4067177565.jpg_40x40q90.jpg
简约现代全实木餐桌椅组合可伸缩折叠小户型家用4人客厅餐桌饭桌,show_image,//img.alicdn.com/imgextra/i1/4067177565/O1CN01zUObQF25kolRxTI1C_!!0-item_pic.jpg_60x60q90.jpg,//img.alicdn.com/imgextra/i1/4067177565/O1CN01jtca4w25kolXGUOF0_!!4067177565.jpg_60x60q90.jpg,//img.alicdn.com/imgextra/i3/4067177565/O1CN01u9MRTR25kolSovigZ_!!4067177565.jpg_60x60q90.jpg,//img.alicdn.com/imgextra/i1/4067177565/O1CN013Id5c525kolNQfOoP_!!4067177565.jpg_60x60q90.jpg,//img.alicdn.com/imgextra/i1/4067177565/O1CN01MDYW0O25kolUo0hx7_!!4067177565.jpg_60x60q90.jpg
简约现代全实木餐桌椅组合可伸缩折叠小户型家用4人客厅餐桌饭桌,classify_image
家用简易塑料圆凳子高凳小椅子创意加厚成人矮凳板凳儿童宝宝脚凳,show_image,//img.alicdn.com/imgextra/i3/4067177565/O1CN01kkJZat25kolkzQRo4_!!0-item_pic.jpg_60x60q90.jpg,//img.alicdn.com/imgextra/i4/4067177565/O1CN01eYU0N925kollmap3f_!!4067177565.jpg_60x60q90.jpg,//img.alicdn.com/imgextra/i1/4067177565/O1CN0181zB2e25kolm2cxNS_!!4067177565.jpg_60x60q90.jpg,//img.alicdn.com/imgextra/i4/4067177565/O1CN01aCsqDv25kolkv9ncw_!!4067177565.jpg_60x60q90.jpg,//img.alicdn.com/imgextra/i4/4067177565/O1CN01a1MQ6n25koldXzhl9_!!4067177565.jpg_60x60q90.jpg
家用简易塑料圆凳子高凳小椅子创意加厚成人矮凳板凳儿童宝宝脚凳,classify_image,//img.alicdn.com/imgextra/i3/4067177565/O1CN01UxY30m25koliwpkAO_!!4067177565.jpg_40x40q90.jpg,//img.alicdn.com/imgextra/i2/4067177565/O1CN01pO3bFt25kolnYFwUC_!!4067177565.jpg_40x40q90.jpg,//img.alicdn.com/imgextra/i1/4067177565/O1CN01gFUyXX25kolkce8RT_!!4067177565.jpg_40x40q90.jpg,//img.alicdn.com/imgextra/i4/4067177565/O1CN01y0hTfj25kolkzQ726_!!4067177565.jpg_40x40q90.jpg,//img.alicdn.com/imgextra/i2/4067177565/O1CN01yMqgYq25kolm2haJo_!!4067177565.jpg_40x40q90.jpg,//img.alicdn.com/imgextra/i1/4067177565/O1CN01F22epl25koli68NJ9_!!4067177565.jpg_40x40q90.jpg,//img.alicdn.com/imgextra/i3/4067177565/O1CN014ktwb725kolkv8apO_!!4067177565.jpg_40x40q90.jpg,//img.alicdn.com/imgextra/i2/4067177565/O1CN01DC19x925kolkzQVwh_!!4067177565.jpg_40x40q90.jpg,//img.alicdn.com/imgextra/i1/4067177565/O1CN01nBvTTg25kollmbUdk_!!4067177565.jpg_40x40q90.jpg,//img.alicdn.com/imgextra/i4/4067177565/O1CN01yt2yAh25kolkzQVwj_!!4067177565.jpg_40x40q90.jpg,//img.alicdn.com/imgextra/i3/4067177565/O1CN012ItWNJ25kolnNEVl8_!!4067177565.jpg_40x40q90.jpg,//img.alicdn.com/imgextra/i2/4067177565/O1CN01ccrVfP25kolo0o4sr_!!4067177565.jpg_40x40q90.jpg,//img.alicdn.com/imgextra/i4/4067177565/O1CN01AFF8vI25kolkzPyif_!!4067177565.jpg_40x40q90.jpg,//img.alicdn.com/imgextra/i4/4067177565/O1CN015YLNeh25kolktPQmn_!!4067177565.jpg_40x40q90.jpg,//img.alicdn.com/imgextra/i3/4067177565/O1CN01VKNWcf25kolm2gZyW_!!4067177565.jpg_40x40q90.jpg,//img.alicdn.com/imgextra/i2/4067177565/O1CN01NRmUWB25kolktOYkI_!!4067177565.jpg_40x40q90.jpg
店铺方桌角柜小木桌仿木接待室客厅边角几角落桌家用宾馆茶几,show_image,//img.alicdn.com/imgextra/i4/4067177565/O1CN010zc89M25koloRwsZn_!!0-item_pic.jpg_60x60q90.jpg,//img.alicdn.com/imgextra/i4/4067177565/O1CN01oVLg8425kolphmRJ6_!!4067177565.jpg_60x60q90.jpg,//img.alicdn.com/imgextra/i4/4067177565/O1CN0170bjmO25koljvF602_!!4067177565.jpg_60x60q90.jpg,//img.alicdn.com/imgextra/i4/4067177565/O1CN01LfySlh25kolt6WMmD_!!4067177565.jpg_60x60q90.jpg
店铺方桌角柜小木桌仿木接待室客厅边角几角落桌家用宾馆茶几,classify_image,//img.alicdn.com/imgextra/i2/4067177565/O1CN01fowO0y25kolqdsGpP_!!4067177565.jpg_40x40q90.jpg,//img.alicdn.com/imgextra/i4/4067177565/O1CN01eM0Ob725kolsSbFdd_!!4067177565.jpg_40x40q90.jpg,//img.alicdn.com/imgextra/i3/4067177565/O1CN01CczhlQ25kolqzbGCP_!!4067177565.jpg_40x40q90.jpg,//img.alicdn.com/imgextra/i4/4067177565/O1CN01mkChWF25kolt6UQIh_!!4067177565.jpg_40x40q90.jpg,//img.alicdn.com/imgextra/i3/4067177565/O1CN01HtR9YH25kolrNLztC_!!4067177565.jpg_40x40q90.jpg,//img.alicdn.com/imgextra/i1/4067177565/O1CN01DonUq125kolrHuYlF_!!4067177565.jpg_40x40q90.jpg,//img.alicdn.com/imgextra/i2/4067177565/O1CN01f7RuyS25koljvFAAZ_!!4067177565.jpg_40x40q90.jpg,//img.alicdn.com/imgextra/i1/4067177565/O1CN01C1QKjT25koltySCfq_!!4067177565.jpg_40x40q90.jpg,//img.alicdn.com/imgextra/i3/4067177565/O1CN01W3RzSI25kolqzc45i_!!4067177565.jpg_40x40q90.jpg,//img.alicdn.com/imgextra/i2/4067177565/O1CN01skuqQj25kolphpakR_!!4067177565.jpg_40x40q90.jpg,//img.alicdn.com/imgextra/i2/4067177565/O1CN01WOjoQB25koltoTUU0_!!4067177565.jpg_40x40q90.jpg,//img.alicdn.com/imgextra/i3/4067177565/O1CN01kluQvW25kolrJ4PMs_!!4067177565.jpg_40x40q90.jpg,//img.alicdn.com/imgextra/i2/4067177565/O1CN01I1O0kf25koljvHNPZ_!!4067177565.jpg_40x40q90.jpg,//img.alicdn.com/imgextra/i3/4067177565/O1CN01oc3ZJl25kolsAJob7_!!4067177565.jpg_40x40q90.jpg,//img.alicdn.com/imgextra/i1/4067177565/O1CN01jmN8DM25koltoSDUX_!!4067177565.jpg_40x40q90.jpg,//img.alicdn.com/imgextra/i1/4067177565/O1CN01CKPkvr25kolt6VA24_!!4067177565.jpg_40x40q90.jpg,//img.alicdn.com/imgextra/i3/4067177565/O1CN01ChtkeF25koluRfE1Y_!!4067177565.jpg_40x40q90.jpg,//img.alicdn.com/imgextra/i3/4067177565/O1CN01kk0slV25koluRdTxn_!!4067177565.jpg_40x40q90.jpg,//img.alicdn.com/imgextra/i1/4067177565/O1CN010X24YZ25koluRecdq_!!4067177565.jpg_40x40q90.jpg
客厅卧室机顶架置物架壁挂电视背景墙上柜隔板路由器收纳免打孔,show_image,//img.alicdn.com/imgextra/i1/4067177565/O1CN01sIpOZg25kolplUYuV_!!0-item_pic.jpg_60x60q90.jpg,//img.alicdn.com/imgextra/i2/4067177565/O1CN015g3SKP25kolzhjrK9_!!4067177565.jpg_60x60q90.jpg,//img.alicdn.com/imgextra/i3/4067177565/O1CN01dIBWNR25kolxBesrn_!!4067177565.jpg_60x60q90.jpg,//img.alicdn.com/imgextra/i2/4067177565/O1CN01kBxcL625kolvBk4fH_!!4067177565.jpg_60x60q90.jpg,//img.alicdn.com/imgextra/i1/4067177565/O1CN01xsNen125kolxFBbzh_!!4067177565.jpg_60x60q90.jpg
客厅卧室机顶架置物架壁挂电视背景墙上柜隔板路由器收纳免打孔,classify_image,//img.alicdn.com/imgextra/i1/4067177565/O1CN01dePxFr25kolyLTmss_!!4067177565.jpg_40x40q90.jpg,//img.alicdn.com/imgextra/i4/4067177565/O1CN012KaDY725koly2H1Gt_!!4067177565.jpg_40x40q90.jpg
液晶电视机增高架子显示器底座支架托架垫高电视柜电脑桌加高木架,show_image,//img.alicdn.com/imgextra/i1/4067177565/O1CN01wcJROo25kom9zyxyW_!!0-item_pic.jpg_60x60q90.jpg,//img.alicdn.com/imgextra/i4/4067177565/O1CN01RIfWSr25komA7O3Fk_!!4067177565.jpg_60x60q90.jpg,//img.alicdn.com/imgextra/i2/4067177565/O1CN01mqvObT25kom9krAzK_!!4067177565.jpg_60x60q90.jpg,//img.alicdn.com/imgextra/i4/4067177565/O1CN01JsNW2125kom9zxtUH_!!4067177565.jpg_60x60q90.jpg,//img.alicdn.com/imgextra/i2/4067177565/O1CN01CzTL6F25kom78Tt6G_!!4067177565.jpg_60x60q90.jpg
液晶电视机增高架子显示器底座支架托架垫高电视柜电脑桌加高木架,classify_image
实木质花架防腐木制落地室内植物架阳台客厅多肉摆放多层花盆架子,show_image,//img.alicdn.com/imgextra/i3/4067177565/O1CN01yxI2Zw25komREY2TU_!!0-item_pic.jpg_60x60q90.jpg,//img.alicdn.com/imgextra/i3/4067177565/O1CN01iYd7dG25komVM7KZ6_!!4067177565.jpg_60x60q90.jpg,//img.alicdn.com/imgextra/i3/4067177565/O1CN01YLzsCM25komS7UZhw_!!4067177565.jpg_60x60q90.jpg,//img.alicdn.com/imgextra/i4/4067177565/O1CN01Fd3hkd25komVM5vHX_!!4067177565.jpg_60x60q90.jpg,//img.alicdn.com/imgextra/i4/4067177565/O1CN01ticSYG25komU56NRZ_!!4067177565.jpg_60x60q90.jpg
实木质花架防腐木制落地室内植物架阳台客厅多肉摆放多层花盆架子,classify_image,//img.alicdn.com/imgextra/i4/4067177565/O1CN0132K7Yy25komTrVeEc_!!4067177565.jpg_40x40q90.jpg,//img.alicdn.com/imgextra/i1/4067177565/O1CN01qFgaJN25komVPffZ0_!!4067177565.jpg_40x40q90.jpg,//img.alicdn.com/imgextra/i2/4067177565/O1CN01swfb6u25komXYFYKn_!!4067177565.jpg_40x40q90.jpg,//img.alicdn.com/imgextra/i3/4067177565/O1CN01zDM5gP25komV1cwXq_!!4067177565.jpg_40x40q90.jpg,//img.alicdn.com/imgextra/i3/4067177565/O1CN0198Yd9H25komUCP93t_!!4067177565.jpg_40x40q90.jpg,//img.alicdn.com/imgextra/i3/4067177565/O1CN01Alc9Fl25komS7W7J1_!!4067177565.jpg_40x40q90.jpg,//img.alicdn.com/imgextra/i4/4067177565/O1CN01E7sCY625komVM8KxI_!!4067177565.jpg_40x40q90.jpg,//img.alicdn.com/imgextra/i2/4067177565/O1CN01nNzGKx25komXYGtTC_!!4067177565.jpg_40x40q90.jpg,//img.alicdn.com/imgextra/i1/4067177565/O1CN01tUpbyb25komX2XFdU_!!4067177565.jpg_40x40q90.jpg,//img.alicdn.com/imgextra/i3/4067177565/O1CN018aqAss25komSSWrme_!!4067177565.jpg_40x40q90.jpg,//img.alicdn.com/imgextra/i4/4067177565/O1CN01YIPpOC25komREYEyN_!!4067177565.jpg_40x40q90.jpg,//img.alicdn.com/imgextra/i3/4067177565/O1CN017J19mP25komXYEocA_!!4067177565.jpg_40x40q90.jpg,//img.alicdn.com/imgextra/i1/4067177565/O1CN01CvCTMe25komWmMWmL_!!4067177565.jpg_40x40q90.jpg,//img.alicdn.com/imgextra/i4/4067177565/O1CN015ApMu525komU57v4E_!!4067177565.jpg_40x40q90.jpg,//img.alicdn.com/imgextra/i2/4067177565/O1CN01vu6fcC25komVPfbQW_!!4067177565.jpg_40x40q90.jpg,//img.alicdn.com/imgextra/i2/4067177565/O1CN01tf1vi625komTrVRm7_!!4067177565.jpg_40x40q90.jpg,//img.alicdn.com/imgextra/i2/4067177565/O1CN01hQQS8025komWmMnMT_!!4067177565.jpg_40x40q90.jpg
桌面置物架电脑书桌上书架铁艺多层宿舍学生多功能简易小型收纳架,show_image,//img.alicdn.com/imgextra/i2/4067177565/O1CN01jtiUDV25komslENxf_!!0-item_pic.jpg_60x60q90.jpg,//img.alicdn.com/imgextra/i2/4067177565/O1CN01XB5YiK25kompLmYC6_!!4067177565.jpeg_60x60q90.jpg,//img.alicdn.com/imgextra/i4/4067177565/O1CN01pqEhL925komu0nliI_!!4067177565.jpeg_60x60q90.jpg,//img.alicdn.com/imgextra/i2/4067177565/O1CN015Hz2wA25kompLntNb_!!4067177565.jpeg_60x60q90.jpg,//img.alicdn.com/imgextra/i2/4067177565/O1CN01gETv5b25komjnw1T0_!!4067177565.jpeg_60x60q90.jpg
桌面置物架电脑书桌上书架铁艺多层宿舍学生多功能简易小型收纳架,classify_image
