https://detail.tmall.com/item.htm?id=605892906115,欧式实木床白色现代简约1.5米1.8米双人床美式婚床高箱储物公主床,ID:605892906115 编码:1623,¥ 2856.00,209616,0,2019-10-15 21:37
https://detail.tmall.com/item.htm?id=602837675286,情侣餐桌椅组合，小户型餐桌椅，双人餐桌一桌两椅，厨房简易桌椅,ID：602837675286,¥ 283.50,2458,0,2019-09-10 19:55
https://detail.tmall.com/item.htm?id=600093986667,桌面置物架电脑书桌上书架铁艺多层宿舍学生多功能简易小型收纳架,ID：600093986667,¥ 190.90,21940,1,2019-08-03 11:13
https://detail.tmall.com/item.htm?id=602434393903,简约北欧休闲椅塑料牛角椅靠背椅家用彩色餐椅冷饮咖啡餐厅椅,ID：602434393903,¥ 121.80,100467,1,2019-09-10 19:58
https://detail.tmall.com/item.htm?id=606571863109,寝室凳子宿舍 大学生靠背 懒人座椅文艺上铺床上软椅子简易柔,ID:606571863109 编码:见描述,¥ 97.55,48385,0,2019-10-20 17:47
https://detail.tmall.com/item.htm?id=606572071569,简约现代布艺储物高箱床羽绒靠包全实木框架可拆洗1.8北欧布艺床,ID:606572071569 编码:808#,¥ 5418.00,813,0,2019-10-20 18:00
https://detail.tmall.com/item.htm?id=602837499083,塑料凳子家用成人加厚胶凳经济型客厅椅子板凳餐桌凳简易大号高凳,ID：602837499083,¥ 23.73,47515,4,2019-09-10 19:46
https://detail.tmall.com/item.htm?id=605028131042,儿童学习书桌加厚写字桌椅套装5-6-8-9-10-12-15岁中小学生一年级,ID：605028131042,¥ 495.60,6558,0,2019-10-03 16:23
https://detail.tmall.com/item.htm?id=600946659836,简易书架实木多层收纳置物现代简约阳台落地儿童储物架上学书柜,ID：600946659836,¥ 316.00,9582,1,2019-08-12 17:49
https://detail.tmall.com/item.htm?id=603345787169,黑白色调电脑椅家用舒适久坐游戏电竞椅办公室可躺人体工程学椅子,ID：603345787169,¥ 585.90,770,0,2019-09-18 18:52
https://detail.tmall.com/item.htm?id=603145858721,梳妆台收纳柜一体桌子女生卧室小型少女北欧网红抖音出租屋化妆桌,ID：603145858721,¥ 709.80,1427,0,2019-09-18 18:28
https://detail.tmall.com/item.htm?id=604650247526,欧式铁艺花架家用多层落地式置物架客厅绿萝花架室内吊兰花盆架子,ID：604650247526,¥ 62.79,1287,0,2019-09-29 20:34
https://detail.tmall.com/item.htm?id=602184164987,笔记本电脑桌床上书桌实木折叠桌懒人桌可携带小桌子学生寝室书桌,ID：602184164987,¥ 60.48,470,1,2019-09-10 17:13
https://detail.tmall.com/item.htm?id=604145793103,实木桌面双门收纳盒置物架学生书架书橱柜化妆品抽屉式整理盒简约,ID：604145793103,¥ 193.20,19919,0,2019-09-28 10:58
https://detail.tmall.com/item.htm?id=602642306391,灶台柜燃气灶架子气瓶柜橱柜简易组装经济型厨房柜子,ID:602642306391 编码:煤气罐专用柜,¥ 270.48,1721,0,2019-09-10 19:57
https://detail.tmall.com/item.htm?id=602434273949,飘窗电脑桌卧室阳台桌窗台家用学习写字弧形转角书桌茶几端景台吧,ID：602434273949,¥ 189.00,17605,1,2019-09-10 19:55
https://detail.tmall.com/item.htm?id=604443298286,儿童学习桌椅套装作业桌宝宝幼儿园学生书台桌小孩简约写字桌椅子,ID：604443298286,¥ 186.90,61037,0,2019-09-29 20:36
https://detail.tmall.com/item.htm?id=602933785604,寝室床边桌出租房小桌子简易家用沙发旁边可移动懒人笔记本电脑桌,ID：602933785604,¥ 163.80,1692,1,2019-09-18 18:58
https://detail.tmall.com/item.htm?id=605888576859,折叠床单人床1.2米简易床儿童午休床成人双人家用实木板式床小床,ID:605888576859 编码:A0003,¥ 420.00,7446,0,2019-10-20 19:41
https://detail.tmall.com/item.htm?id=602192164214,创意隔板墙上置物架壁挂墙壁书架书柜储物架壁柜吊书柜装饰格子架,ID：602192164214,¥ 95.63,18005,1,2019-09-10 19:56
https://detail.tmall.com/item.htm?id=605027555097,书架置物架落地儿童简易书柜子桌上学生小书架书桌面简约实木客厅,ID：605027555097,¥ 183.75,79064,0,2019-10-03 16:18
https://detail.tmall.com/item.htm?id=603136782782,网红房间布置小桌子阳台小型创意多功能飘窗小圆桌卧室女坐地ins,ID：603136782782,¥ 152.00,4007,0,2019-09-18 15:51
https://detail.tmall.com/item.htm?id=602013176247,初中生写字桌高中生学生书桌椅子电脑桌台式简约书架书组合学习桌,ID：602013176247,¥ 205.80,1038,1,2019-09-07 20:22
https://detail.tmall.com/item.htm?id=602687365144,书桌电脑台式桌置物架小型桌面铁艺学生ins北欧简易桌上书架收纳,ID：602687365144,¥ 163.80,4723,3,2019-09-15 10:52
https://detail.tmall.com/item.htm?id=604648367887,床头柜小桌子升降创意省空间多功能床边桌可移动经济型卧室收纳柜,ID：604648367887,¥ 310.80,3926,0,2019-09-29 19:55
https://detail.tmall.com/item.htm?id=602433189518,墙上置物架床头创意简易书架隔板墙面墙壁挂卧室背景墙体装饰一字,ID：602433189518,¥ 39.90,5729,10,2019-09-10 19:18
https://detail.tmall.com/item.htm?id=600192396088,鞋架藤编门口鞋柜实木简易鞋柜收纳柜鞋柜鞋架多层简易家用经济型,ID：600192396088,¥ 259.20,417,2,2019-08-10 18:18
https://detail.tmall.com/item.htm?id=605886312130,北欧床头柜实木简约现代卧室整装原木色迷你床边创意储物柜收纳柜,ID:605886312130 编码:03#06#09#38#,¥ 516.00,5539,0,2019-10-20 18:31
https://detail.tmall.com/item.htm?id=604820802295,客房卧室沙发办公双人床边小户型经济型情侣接待室居室门市室内商,ID：604820802295,¥ 740.19,408813,0,2019-10-03 16:31
https://detail.tmall.com/item.htm?id=604820498505,"电视柜 小户型1米 1.2 1.4主卧电视桌小型创意1.7 2米家用玻璃,",ID：604820498505,¥ 552.30,17594,0,2019-10-03 16:31
https://detail.tmall.com/item.htm?id=606575611359,佛龛神台家用经济型关公财神爷摆放台观音佛台挂式先祖供奉保家仙,ID:606575611359 编码:518,¥ 133.20,19946,0,2019-10-20 19:22
https://detail.tmall.com/item.htm?id=606572531754,落地桌子 学生宿舍 置地用 折叠户外摆摊桌写字台长方形吃饭桌学,ID:606572531754 编码:088-99,¥ 68.75,21103,0,2019-10-20 18:14
https://detail.tmall.com/item.htm?id=603146742270,网红房间布置桌子女生卧室少女梳妆台收纳柜一体出租屋改造小家具,ID：603146742270,¥ 354.90,1698,0,2019-09-18 18:38
https://detail.tmall.com/item.htm?id=605027711748,网红迷你多格子储物塑料收纳多功能空间小衣柜柜子省小型组装简易,ID：605027711748,¥ 131.67,170613,0,2019-10-03 16:29
https://detail.tmall.com/item.htm?id=604226833310,简约现代小户型可移动折叠餐桌边柜组合碗柜微波炉柜简易吃饭桌子,ID：604226833310,¥ 394.80,16830,0,2019-09-29 20:34
https://detail.tmall.com/item.htm?id=603909736309,多功能卧室电视柜现代简约主卧简欧风格高款农村平房加高储物地柜,ID：603909736309,¥ 139.94,11720,0,2019-09-28 14:37
https://detail.tmall.com/item.htm?id=603979260398,悬挂桌床边桌床上桌简约现代可移动电脑台式桌省空间小户型懒人桌,ID：603979260398,¥ 310.80,31858,0,2019-09-29 19:55
https://detail.tmall.com/item.htm?id=602657091990,欧式梳化妆凳简约现代布艺实木梳妆台椅子美甲凳子田园卧室换鞋凳,ID：602657091990,¥ 102.82,30833,0,2019-09-07 20:42
https://detail.tmall.com/item.htm?id=602898782407,北欧茶几简约小户型简易组合家用小桌子客厅创意圆形边几50长60宽,ID：602898782407,¥ 186.90,239868,0,2019-09-15 10:53
https://detail.tmall.com/item.htm?id=606364214018,全钢排骨架 铁架 折叠床架 铁架床 环保没气味婴儿床架子 床板,ID:606364214018 编码:2,¥ 608.00,15302,0,2019-10-20 19:47
https://detail.tmall.com/item.htm?id=606571287682,30公分宽柜子家用20cm卧室的小床头柜25厘米现代简约带锁迷你窄,ID:606571287682 编码:SY-ZG,¥ 89.31,9222,0,2019-10-20 17:43
https://detail.tmall.com/item.htm?id=602832831544,花架子多层室内特价实木质桌面窗台置物家用多肉落地式绿萝花盆架,ID：602832831544,¥ 60.90,2270,0,2019-09-10 18:05
https://detail.tmall.com/item.htm?id=602434701629,家用现代简约餐椅铁艺懒人时尚餐厅休闲靠背椅经济型北欧餐桌椅子,ID：602434701629,¥ 179.93,17803,1,2019-09-10 19:59
https://detail.tmall.com/item.htm?id=604587715156,钢木简易书架卧室置物架儿童书柜组合储物货架简约落地展示架收纳,ID:604587715156 编码:0831,¥ 115.50,7852,0,2019-09-28 17:31
https://detail.tmall.com/item.htm?id=603974792397,楠竹烤箱微波炉架厨房置物架餐边柜碗橱柜子实木多层收纳架储物柜,ID:603974792397 编码:储物柜置物架,¥ 346.50,10717,0,2019-09-29 18:04
https://detail.tmall.com/item.htm?id=604600621796,睡椅子 多功能 夏天陪病人睡床 折叠 单人户外躺椅防水防晒午休,ID：604600621796,¥ 274.68,9362,0,2019-10-03 16:17
https://detail.tmall.com/item.htm?id=602446040956,简易玄关鞋柜欧式鞋架简约现代创意门厅柜大容量阳台储物柜80长75,ID：602446040956,¥ 214.20,140696,1,2019-09-15 11:09
https://detail.tmall.com/item.htm?id=600706112759,创意时尚家用大号卫生间客厅厨房卧室办公室带压圈无盖垃圾桶纸篓,ID:600706112759 编码:7110,¥ 4.22,3499,59,2019-08-18 16:17
https://detail.tmall.com/item.htm?id=603096099157,电脑桌台式家用儿童小书桌书架组合简易办公写字台简约学生学习桌,ID：603096099157,¥ 176.40,5307,0,2019-09-15 11:06
https://detail.tmall.com/item.htm?id=602899734489,微波炉架落地调料架烤箱架家用多层厨房储物收纳置物架子碗架支架,ID：602899734489,¥ 294.84,63890,0,2019-09-15 11:11
https://detail.tmall.com/item.htm?id=602433861322,可移动床边桌升降写字台小茶几卧室床头桌子简约带轮边柜沙发边几,ID：602433861322,¥ 207.90,4855,1,2019-09-10 19:32
https://detail.tmall.com/item.htm?id=603339603920,网红置物架窄书柜简约学生办公室角落收纳柜家用卧室房间书架落地,ID：603339603920,¥ 352.80,5149,0,2019-09-18 17:07
https://detail.tmall.com/item.htm?id=594482556690,凳子网红 懒人 卧室折叠凳子便携式迷你金属矮马扎成人休闲户外钓,ID:594482556690 编码:00F34,¥ 12.32,4010,11,2019-05-19 11:22
https://detail.tmall.com/item.htm?id=606572619212,实用咖啡厅小学生教室书架书柜简易中学生落地教室用杂物摆设置物,ID:606572619212 编码:560732374679.35...,¥ 132.22,23556,0,2019-10-20 18:06
https://detail.tmall.com/item.htm?id=602837220163,实木简易床头柜40cm白色床边柜小型收纳柜子储物柜经济型藤编窄柜,ID：602837220163,¥ 263.76,1440,1,2019-09-20 14:19
https://detail.tmall.com/item.htm?id=602687320420,租房用的小桌子ins家用卧室简约现代笔记本台式电脑桌书桌写字桌,ID：602687320420,¥ 262.50,1524,0,2019-09-18 17:10
https://detail.tmall.com/item.htm?id=603983388594,梳妆台卧室现代简约书桌收纳柜一体化妆台欧式公主奢华化妆桌网红,ID：603983388594,¥ 190.00,5324,0,2019-09-29 21:42
https://detail.tmall.com/item.htm?id=602655351914,书架简易桌上置物架简约现代学生用宿舍小书柜儿童收纳办公书桌面,ID：602655351914,¥ 37.59,3450,2,2019-09-07 20:00
https://detail.tmall.com/item.htm?id=600826091778,北欧铁艺转角置物架落地客厅墙角书架三角形金色卧室靠墙角落收纳,ID：600826091778,¥ 862.40,8972,0,2019-08-10 22:22
https://detail.tmall.com/item.htm?id=600767330110,。小学生小孩桌儿童课桌椅写字密度板学习家用新款写作业的书桌桌,ID：600767330110,¥ 140.79,45816,0,2019-08-12 20:04
https://detail.tmall.com/item.htm?id=606577291244,鞋柜窄家用门口超薄翻斗带门简易多层小户型省空间玄关防尘木鞋架,ID:606577291244 编码:011,¥ 187.20,2035,0,2019-10-20 20:02
https://detail.tmall.com/item.htm?id=603340051111,拼装拐角电脑台式桌带书柜子一体桌组装1米转角弧形书桌书架组合,ID：603340051111,¥ 289.80,3404,1,2019-09-18 17:06
https://detail.tmall.com/item.htm?id=604650443410,鞋架白色多层鞋柜收纳柜防尘简易储物架家用经济型塑料组装鞋架子,ID：604650443410,¥ 94.50,9417,0,2019-09-29 20:34
https://detail.tmall.com/item.htm?id=602464814254,单人衣柜简易布衣柜出租房用组装实木牛津布艺柜子卧室折叠布柜小,ID：602464814254,¥ 73.50,47518,0,2019-09-07 20:43
https://detail.tmall.com/item.htm?id=603983992267,超薄翻斗式鞋柜门口大容量衣架一体带抽屉多功能省空间家用门厅柜,ID：603983992267,¥ 310.80,1412,0,2019-09-29 21:51
https://detail.tmall.com/item.htm?id=602428489323,电脑椅家用办公椅简约学生靠背座椅直播椅升降转椅电竞椅宿舍椅子,ID：602428489323,¥ 203.74,435724,0,2019-09-10 17:33
https://detail.tmall.com/item.htm?id=596270286172,客厅卧室机顶架置物架壁挂电视背景墙上柜隔板路由器收纳免打孔,ID：596270286172,¥ 66.58,95931,7,2019-06-06 16:07
https://detail.tmall.com/item.htm?id=592122353852,落地的50长方形橱房北欧茶杯柜储藏客厅厨房家用靠墙储物柜柜子,ID:592122353852 编码:5663,¥ 99.60,16224,1,2019-04-19 13:16
https://detail.tmall.com/item.htm?id=602931513089,穿鞋凳子门口家用结实耐用卧室客厅圆凳茶几矮凳子小板凳ins网红,ID：602931513089,¥ 100.80,2228,0,2019-09-18 18:02
https://detail.tmall.com/item.htm?id=604648567600,墙角置物架三角落地多层书架北欧客厅卧室转角柜子带抽屉收纳储物,ID：604648567600,¥ 226.80,39287,0,2019-09-29 19:55
https://detail.tmall.com/item.htm?id=591329856426,餐边柜茶柜茶水柜客厅简约现代实木制中式办公室收纳小型储物柜子,ID:591329856426 编码:00231j,¥ 830.06,596,0,2019-04-11 20:29
https://detail.tmall.com/item.htm?id=602836499871,实木转角书桌书架组合家用卧室学生台式电脑桌儿童学习桌简约写字,ID：602836499871,¥ 247.80,1683,1,2019-09-10 19:38
https://detail.tmall.com/item.htm?id=598510842859,实木质花架防腐木制落地室内植物架阳台客厅多肉摆放多层花盆架子,ID：598510842859,¥ 47.91,81390,1,2019-07-11 13:32
https://detail.tmall.com/item.htm?id=600368148580,钓鱼用的小凳子靠背椅折叠椅子外出坐椅老年人可收叠马札多功能凳,ID：600368148580,¥ 49.20,166800,1,2019-08-13 11:37
https://detail.tmall.com/item.htm?id=604650411483,儿童凳子靠背小椅子实木创意可爱卡通动物小鹿凳小板凳家用宝宝凳,ID：604650411483,¥ 83.79,8602,0,2019-09-29 20:35
https://detail.tmall.com/item.htm?id=602434757019,休闲躺椅床上靠背椅子大学生宿舍寝室电脑椅折叠椅懒人休闲椅靠椅,ID：602434757019,¥ 100.76,167728,1,2019-09-10 19:50
https://detail.tmall.com/item.htm?id=600566181901,鸟巢吊椅藤椅吊篮秋千配件钩弹簧挂钩消音器大号小号安全扣消声,ID：600566181901,¥ 16.99,19600,16,2019-08-12 20:04
https://detail.tmall.com/item.htm?id=602682380964,极简电视柜黑白简易置物架新款可伸缩家用现代简约轻奢地柜ins风,ID：602682380964,¥ 298.00,1668,2,2019-09-18 15:51
https://detail.tmall.com/item.htm?id=602642118623,落地桌上布简易学生用小型书架塑料置物架子收纳钢管组装桌书柜。,ID：602642118623,¥ 48.68,14263,9,2019-09-10 19:56
https://detail.tmall.com/item.htm?id=603970016121,北欧化妆椅子无靠背餐椅家用可叠螺堆叠简易实木凳子网红懒人便宜,ID：603970016121,¥ 178.50,324,0,2019-09-29 16:28
https://detail.tmall.com/item.htm?id=590929102219,打印机架子置物架落地复印桌子柜子放置收纳架放办公室工作台,ID:590929102219 编码:010,¥ 256.00,873,74,2019-04-03 11:53
https://detail.tmall.com/item.htm?id=606577931388,懒人沙发卧室电脑沙发椅喂奶椅宿舍折叠靠背躺椅小户型单人休闲椅,ID:606577931388 编码:M568,¥ 318.00,238468,0,2019-10-20 20:21
https://detail.tmall.com/item.htm?id=603980732723,电脑桌台式桌家用办公书桌简约现代卧室桌子学生写字桌简易小桌子,ID：603980732723,¥ 165.90,169749,0,2019-09-29 20:35
https://detail.tmall.com/item.htm?id=596923761909,液晶电视机增高架子显示器底座支架托架垫高电视柜电脑桌加高木架,ID：596923761909,¥ 72.00,15820,1,2019-06-20 19:46
https://detail.tmall.com/item.htm?id=602434913161,鞋架宿舍大学生床底寝室简易防尘迷你鞋柜鞋子收纳神器小型省空间,ID：602434913161,¥ 39.90,5558,15,2019-09-10 19:58
https://detail.tmall.com/item.htm?id=589620688692,衣柜简易布衣柜不锈钢方管加厚加粗螺丝组装折叠衣橱收纳大号包邮,ID:589620688692 编码:98/128/146/166/...,¥ 415.80,876,3,2019-03-24 12:09
https://detail.tmall.com/item.htm?id=604353824466,带伞孔夜市摆摊神器售楼部折叠桌拓客用品升降户外创业装备餐桌椅,ID：604353824466,¥ 115.39,57905,0,2019-10-03 16:22
https://detail.tmall.com/item.htm?id=589195702400,马凳折叠升降加厚特厚马镫装修便携马橙登多功能梯子铝合金脚手架,ID:589195702400 编码:MD-2015,¥ 149.60,112861,85,2019-03-15 20:36
https://detail.tmall.com/item.htm?id=604436698418,台式电脑桌子简约家用经济型卧室小户型学生省空间办公带抽屉桌子,ID：604436698418,¥ 185.98,19997,0,2019-09-29 17:59
https://detail.tmall.com/item.htm?id=604226461728,衣帽架北欧衣架落地卧室网红少女心欧式简约现代实木单杆式挂衣架,ID：604226461728,¥ 144.90,187067,0,2019-09-29 20:34
https://detail.tmall.com/item.htm?id=591233478944,床上衣柜女宿舍大学生寝室神器上铺下铺收纳小衣柜床头床尾置物架,ID:591233478944 编码:CSYG,¥ 71.60,192,9,2019-04-06 18:01
https://detail.tmall.com/item.htm?id=589728894647,免洗床小 两用可折叠变床 单双人多功能午休床懒人特价,ID：589728894647,¥ 696.00,7505,4,2019-03-21 17:34
https://detail.tmall.com/item.htm?id=602657279838,超大号2.3米全钢架简易衣柜钢架布衣柜钢管加厚简约现代组装衣柜,ID：602657279838,¥ 394.80,4479,1,2019-09-07 20:44
https://detail.tmall.com/item.htm?id=591122562570,式折叠矮阳光房小靠椅圆凳坐椅座阅读简约便捷乡村布椅子懒人椅,ID：591122562570,¥ 88.00,112454,9,2019-04-05 12:46
https://detail.tmall.com/item.htm?id=589034837619,儿童桌椅套装幼儿园塑料吃饭画画桌子可调节升降课桌宝宝学习家用,ID:589034837619 编码:KANGLONG,¥ 276.00,837,8,2019-03-15 16:36
https://detail.tmall.com/item.htm?id=600566617206,特大号放棉被子收纳柜易衣柜经济型钢架布衣柜组装衣服储物柜子,ID：600566617206,¥ 82.90,48650,5,2019-08-12 20:04
https://detail.tmall.com/item.htm?id=600333556057,小木凳可板凳木椅折叠马扎家用子矮靠背子实木制登子木质,ID：600333556057,¥ 17.92,24,10,2019-08-12 20:04
https://detail.tmall.com/item.htm?id=591468576331,实木写字桌子家用小圆桌方桌儿童宝宝学习桌玩具桌幼儿园桌游戏桌,ID:591468576331 编码:FS_306,¥ 663.26,2871,0,2019-04-13 15:58
https://detail.tmall.com/item.htm?id=589897563415,包邮多功能实木沙发推拉两用榻榻米简约现代组合小户型客厅书房床,ID:589897563415 编码:TTM2016,¥ 680.00,3636,4,2019-03-21 18:43
https://detail.tmall.com/item.htm?id=602190800918,鞋架简易宿舍收纳鞋架子 加厚多层布鞋柜 组装小鞋架经济,ID：602190800918,¥ 29.38,8688,6,2019-09-10 19:36
https://detail.tmall.com/item.htm?id=603096059106,鞋柜门厅柜鞋架阳台储物柜易经济型门口鞋柜长60cm高80cm仿实木,ID：603096059106,¥ 142.48,3960,0,2019-09-15 11:05
https://detail.tmall.com/item.htm?id=604229269758,可折叠床钢丝床单人折叠床1.2米家用1.5米双人床简易经济型铁床午,ID：604229269758,¥ 234.00,12676,0,2019-09-29 21:42
https://detail.tmall.com/item.htm?id=604226977101,实木衣架落地卧室简易衣架简约现代楠竹落地式挂衣架子衣帽架落地,ID：604226977101,¥ 220.50,8865,0,2019-09-29 20:34
https://detail.tmall.com/item.htm?id=606362710565,实木佛龛神龛佛柜神台供奉祖先观音菩萨财神关公二爷牌位墙壁挂,ID:606362710565 编码:009,¥ 340.08,12404,0,2019-10-20 19:20
https://detail.tmall.com/item.htm?id=600814647795,小床头柜迷你简约卧室25/30/35/40cm 小户型带锁白色超窄小床头柜,ID：600814647795,¥ 554.88,35005,0,2019-08-10 18:26
https://detail.tmall.com/item.htm?id=593652530047,儿童椅宝宝小椅子塑料靠背椅叫叫椅小板凳幼儿园小凳子带餐盘可选,ID:593652530047 编码:45554,¥ 99.60,23,3,2019-05-05 17:35
https://detail.tmall.com/item.htm?id=594658211530,简约现代全实木餐桌椅组合可伸缩折叠小户型家用4人客厅餐桌饭桌,ID:594658211530 编码:809,¥ 300.00,3457,0,2019-05-14 18:25
https://detail.tmall.com/item.htm?id=591829153557,电脑显示器增高架子垫高架抬高升高托架底座支架办公桌收纳文件架,ID:591829153557 编码:965,¥ 28.62,64158,21,2019-04-15 17:03
https://detail.tmall.com/item.htm?id=589124895702,抖音哄娃神器哄孩子哄睡婴儿摇摇椅懒人睡觉宝宝安抚带娃看娃躺椅,ID:589124895702 编码:f3334,¥ 99.98,10094,4,2019-03-12 23:26
https://detail.tmall.com/item.htm?id=594194074761,仿古实木书法桌书画桌中式家用绘画案写字台榆木书桌椅学生国学桌,ID:594194074761 编码:AJ-8888,¥ 364.00,217,2,2019-05-11 15:37
https://detail.tmall.com/item.htm?id=590084443579,懒人笔记本电脑桌床上用可移动书桌简易床边桌可倾斜沙发边桌茶几,ID:590084443579 编码:Q3,¥ 110.00,129,9,2019-03-23 17:07
https://detail.tmall.com/item.htm?id=589638780813,可折叠儿童床拼接床加宽床侧边床实木单人床加长带护栏定做小床,ID:589638780813 编码:AK-FG,¥ 258.00,981,8,2019-03-24 15:35
https://detail.tmall.com/item.htm?id=604226685479,简易衣柜布衣柜简约现代单人宿舍组装收纳柜子出租房布艺小挂衣橱,ID：604226685479,¥ 83.79,27801,0,2019-09-29 20:34
https://detail.tmall.com/item.htm?id=604601441698,写字椅可调节小学生椅子升降椅家用书桌凳铁艺靠背加固儿童学习椅,ID：604601441698,¥ 100.59,2459,0,2019-10-03 16:24
https://detail.tmall.com/item.htm?id=602765303152,塑料凳子双色光面高35cm成人家用会议餐桌椅浴室厕所防滑圆凳加厚,ID：602765303152,¥ 29.94,20695,36,2019-09-09 16:44
https://detail.tmall.com/item.htm?id=604445294883,乾宏家居不锈钢鞋架简易安装多层鞋柜多功能家用阳台置物架可定制,ID：604445294883,¥ 370.00,12853,0,2019-09-29 21:42
https://detail.tmall.com/item.htm?id=595312869634,家用简易塑料圆凳子高凳小椅子创意加厚成人矮凳板凳儿童宝宝脚凳,ID:595312869634 编码:8605,¥ 10.50,16877,18,2019-05-26 19:17
https://detail.tmall.com/item.htm?id=600165744154,衣柜简易布衣柜家用网红出租房用经济型实木加粗双人牛津布艺木质,ID：600165744154,¥ 236.00,13839,1,2019-08-10 11:19
https://detail.tmall.com/item.htm?id=602685872157,轻奢茶几收纳置物架配沙发网红设计师的简约阳台出租屋改造小家具,ID：602685872157,¥ 247.80,1120,1,2019-09-18 16:40
https://detail.tmall.com/item.htm?id=600760896731,粉色创意小马换鞋凳坐凳脚凳节日礼品沙发凳独角兽动物凳装饰摆件,ID：600760896731,¥ 770.40,19728,0,2019-08-19 14:20
https://detail.tmall.com/item.htm?id=604643887917,竹花架实木客厅室内简约绿萝花架单个花盆架阳台落地鱼缸置物架子,ID：604643887917,¥ 210.00,4342,0,2019-09-29 18:03
https://detail.tmall.com/item.htm?id=600996929877,便携式折叠小凳子折叠椅板凳钓鱼凳矮凳马扎户外写生坐火车四角凳,ID：600996929877,¥ 29.92,159308,3,2019-08-19 14:20
https://detail.tmall.com/item.htm?id=604354244608,现代家用成人懒人服装店沙发凳皮革网红更衣室小凳子衣帽间矮凳,ID：604354244608,¥ 95.82,20000,0,2019-10-03 16:30
https://detail.tmall.com/item.htm?id=602445908237,鞋柜家用省空间经济型简约门口厅卧室多层小鞋架防尘收纳置物柜子,ID：602445908237,¥ 201.60,31229,1,2019-09-15 10:55
https://detail.tmall.com/item.htm?id=602190712087,简约现代木质小茶几沙发边几角几方桌小户型客厅咖啡桌卧室床头柜,ID：602190712087,¥ 69.55,4951,2,2019-09-10 19:20
https://detail.tmall.com/item.htm?id=602687528887,入户玄关柜室外走廊过道多功能带门防尘大容量门口放鞋的鞋柜家用,ID：602687528887,¥ 627.90,2076,0,2019-09-18 17:18
https://detail.tmall.com/item.htm?id=603142406791,懒人笔记本电脑床桌客厅卧室床头床边桌可移动简约床上用的小桌子,ID：603142406791,¥ 157.50,2344,1,2019-09-18 17:19
https://detail.tmall.com/item.htm?id=604371438840,客厅电视柜加高款简约现代小户型电视机柜子北欧多功能地柜储物柜,ID：604371438840,¥ 243.60,7876,0,2019-09-28 14:37
https://detail.tmall.com/item.htm?id=600638270347,床头柜简约现代实木卧室收纳柜皮质床边小柜子储物窄柜简易置物架,ID：600638270347,¥ 316.00,10247,1,2019-08-10 22:20
https://detail.tmall.com/item.htm?id=588889857765,实木小凳子时尚创意沙发凳客厅椅子矮凳圆凳茶几凳布艺家用小板凳,ID：588889857765,¥ 27.80,6728,78,2019-03-13 19:38
https://detail.tmall.com/item.htm?id=588557610634,不锈钢餐边柜铝合金茶水柜厨房橱柜阳台储物柜收纳置物柜组装,ID：588557610634,¥ 380.00,895,5,2019-03-07 17:22
https://detail.tmall.com/item.htm?id=602424261176,折叠椅子凳子便携家用餐椅现代简约靠背椅时尚创意圆凳椅子电脑椅,ID：602424261176,¥ 61.74,182514,1,2019-09-10 16:11
https://detail.tmall.com/item.htm?id=589133645996,北欧进入门口外超薄翻斗斜插式小鞋柜窄款高简约玄关柜实木用,ID：589133645996,¥ 398.00,7024,3,2019-03-16 22:01
https://detail.tmall.com/item.htm?id=600333098005,小椅子实木凳子矮墩板凳儿童靠背换鞋沙发成人子孙家用客厅茶几凳,ID：600333098005,¥ 285.20,528,1,2019-08-06 17:20
https://detail.tmall.com/item.htm?id=604445658523,简易儿童衣柜卡通经济型简约现代小孩衣柜收纳婴儿宝宝衣橱组装,ID：604445658523,¥ 94.00,208988,0,2019-09-29 21:42
https://detail.tmall.com/item.htm?id=604224981749,厨房置物架落地多层收纳家用简约省空间多功能橱柜碗柜餐边柜层架,ID：604224981749,¥ 331.80,7965,0,2019-09-29 19:55
https://detail.tmall.com/item.htm?id=595718973276,店铺方桌角柜小木桌仿木接待室客厅边角几角落桌家用宾馆茶几,ID:595718973276 编码:03,¥ 62.94,170912,8,2019-06-01 10:27
https://detail.tmall.com/item.htm?id=605887072287,楠竹高餐边柜储物复古多功能厨房置物架玄关柜餐厅实木收纳茶水碗,ID:605887072287 编码:190614,¥ 186.00,2855,0,2019-10-20 18:51
https://detail.tmall.com/item.htm?id=604431610614,客厅家具方几现代简约小户型创意0.8/1/1.2米桌包邮 钢化玻璃茶几,ID：604431610614,¥ 459.90,19668,0,2019-09-29 16:28
https://detail.tmall.com/item.htm?id=600562557156,简易书桌上学生书架儿童桌面小型置物架家用收纳办公室书柜整理架,ID：600562557156,¥ 170.00,14511,3,2019-08-12 18:48
https://detail.tmall.com/item.htm?id=588369292488,简易衣柜组装仿实木人造板家用挂储物卧室租房布衣橱收纳大小柜子,ID:588369292488 编码:222222,¥ 312.00,216804,1,2019-03-09 21:47
https://detail.tmall.com/item.htm?id=604652939531,鞋架子宿舍多层简易门口置物架经济型家用省空间收纳组装防尘鞋柜,ID：604652939531,¥ 96.00,36847,0,2019-09-29 21:42
https://detail.tmall.com/item.htm?id=602835219865,穿衣镜壁挂镜子全身粘贴试衣镜贴墙镜子舞蹈镜宿舍拼接镜化妆镜子,ID：602835219865,¥ 10.50,147459,6,2019-09-10 19:03
https://detail.tmall.com/item.htm?id=588884035412,实木床头柜经济型简约现代迷你带锁小柜子卧室床边收纳储物柜整装,ID:588884035412 编码:13,¥ 300.00,54101,12,2019-03-09 20:34
https://detail.tmall.com/item.htm?id=590595396792,简易实木双人床主卧1.8米现代简约1.5米出租房床1.2经济型单人床,ID:590595396792 编码:Cg-004,¥ 300.00,1413966,1,2019-04-03 17:57
https://detail.tmall.com/item.htm?id=594020901292,北欧小吧台桌家用隔断柜现代简约实木创意吧台柜客厅酒柜吧台餐桌,ID：594020901292,¥ 200.00,130797,1,2019-05-11 15:21
https://detail.tmall.com/item.htm?id=592661697494,白色店铺卧室窗桌子小茶几可收纳家用床边双层美容院办公室矮桌,ID：592661697494,¥ 117.00,85870,2,2019-04-25 20:52
https://detail.tmall.com/item.htm?id=590751500475,木板床垫硬板经济型实木成人加宽学生宿舍单折叠1.5拼接架子护腰,ID:590751500475 编码:002,¥ 211.26,1417,3,2019-04-05 12:55
https://detail.tmall.com/item.htm?id=603984144077,美式乡村复古实木花架几阶梯落地式多层方形置物架子阳台花台美式,ID：603984144077,¥ 115.50,231,0,2019-09-29 21:51
https://detail.tmall.com/item.htm?id=588585533981,天然椰棕榈床垫家用3e棕垫可定制三折叠加厚学生儿童经济型偏硬垫,ID:588585533981 编码:20170628006,¥ 160.00,43656,6,2019-03-09 22:19
https://detail.tmall.com/item.htm?id=593824341378,墙角装饰木板材料转角打孔扇形隔板墙上置物架拐墙角免三角层板角,ID:593824341378 编码:9999,¥ 34.28,37727,15,2019-05-09 13:18
https://detail.tmall.com/item.htm?id=589640004655,儿童床带护栏男孩女孩公主床加宽拼接铁床组合小床单人床边床粉色,ID:589640004655 编码:HLB,¥ 496.00,1935,2,2019-03-24 15:47
https://detail.tmall.com/item.htm?id=591314403719,的布拉链式收纳架烘干不锈钢装家用布罩外简易衣柜韩式挂+一次性,ID:591314403719 编码:GDSM1,¥ 216.20,75409,3,2019-04-05 17:29
https://detail.tmall.com/item.htm?id=602833791698,简易课桌折叠桌培训桌 电脑桌补习桌快餐桌折叠简约桌子补习桌,ID：602833791698,¥ 51.98,154472,6,2019-09-10 18:28
https://detail.tmall.com/item.htm?id=589898500000,沙发床两用折叠多功能单人小户型布艺皮质出租房发廊1.8*0.95沙发,ID：589898500000,¥ 468.48,14371,5,2019-03-21 19:02
https://detail.tmall.com/item.htm?id=590074550255,欧式衣帽间北欧木架衣柜 简易 组装 实木 家用牛津布儿童卡通分隔,ID：590074550255,¥ 119.80,33534,13,2019-03-25 11:46
https://detail.tmall.com/item.htm?id=589609643106,中式床头靠背板实木单人1.8现代简约双人1.5榻榻米床头板经济型,ID:589609643106 编码:+1,¥ 93.99,10838,3,2019-03-18 19:54
https://detail.tmall.com/item.htm?id=588726702773,简易衣柜钢管加粗加固布衣柜布艺简约现代经济型组装衣橱收纳柜子,ID：588726702773,¥ 298.00,6632,33,2019-03-09 21:53
https://detail.tmall.com/item.htm?id=593501804541,简易床出租房专用 双人 经济型樟子松实木床1.35米一米二床单人床,ID:593501804541 编码:01,¥ 528.68,374680,2,2019-05-08 12:03
https://detail.tmall.com/item.htm?id=600954415719,楠竹可移动小书架落地省空间带滑轮简易宿舍多功能实木置物架23cm,ID：600954415719,¥ 152.00,1867,1,2019-08-12 19:44
https://detail.tmall.com/item.htm?id=606576451028,实木榻榻米床松木单人双人床1.2米1.5实木床1.8米无床头简易床架,ID:606576451028 编码:实木床,¥ 174.80,24508,0,2019-10-20 19:37
https://detail.tmall.com/item.htm?id=596090081178,多功能童鞋单排拼装家用简易鞋柜鞋架开放式组合多层北欧风家具黑,ID：596090081178,¥ 152.68,5627,17,2019-06-06 16:08
https://detail.tmall.com/item.htm?id=605888208939,实木床1.8米现代简约1.5米双人床主卧大床出租房简易1.2米单人床,ID:605888208939 编码:HJ-01,¥ 1400.00,3138,0,2019-10-20 19:34
https://detail.tmall.com/item.htm?id=603339383645,进门鞋柜玄关柜木质多层带门反斗经济型家用门口入户17cm超薄翻斗,ID：603339383645,¥ 352.80,2072,0,2019-09-18 17:02
https://detail.tmall.com/item.htm?id=602257113689,简易衣柜实木简易布衣柜收纳柜子布艺组装单人衣橱简约现代经济型,ID：602257113689,¥ 117.60,9288,0,2019-09-07 20:45
https://detail.tmall.com/item.htm?id=597462957647,家用双层鞋子收纳架塑料一体式鞋托简约现代客厅衣柜简易收纳鞋架,ID:597462957647 编码:596772176267,¥ 4.86,999925,47,2019-06-28 10:11
https://detail.tmall.com/item.htm?id=603142966513,飘窗桌子创意多功能笔记本桌面萤幕电脑显示器增高架可调节可升降,ID：603142966513,¥ 478.80,2579,0,2019-09-18 17:27
https://detail.tmall.com/item.htm?id=602926937380,阳台榻榻米小茶几配沙发办公室会客区简约小租房极简轻奢矮桌子,ID：602926937380,¥ 176.40,2236,1,2019-09-18 16:44
https://detail.tmall.com/item.htm?id=603983764088,简易衣柜简约现代组装折叠布衣橱防尘加固加粗收纳柜经济型省空间,ID：603983764088,¥ 106.00,11906,0,2019-09-29 21:42
https://detail.tmall.com/item.htm?id=604568779085,实木收纳柜化妆品桌面抽屉多层置物架办公室书桌储物盒卧室首饰盒,ID：604568779085,¥ 194.67,39771,0,2019-09-28 10:59
https://detail.tmall.com/item.htm?id=602464350833,儿童书桌塑料桌椅学习桌套装幼儿园小孩宝宝课桌写字桌台1桌1椅套,ID：602464350833,¥ 287.70,115662,2,2019-09-07 20:44
https://detail.tmall.com/item.htm?id=600189216482,实木茶桌椅组合家用可移动小茶台阳台茶几茶具套装烧水壶桌子一体,ID：600189216482,¥ 1040.00,11450,0,2019-08-10 17:32
https://detail.tmall.com/item.htm?id=606100511893,衣柜现代简约经济型出租房用木质衣橱整体组装板式四五门卧室衣柜,ID:606100511893 编码:2813,¥ 1638.00,303,0,2019-10-15 19:53
https://detail.tmall.com/item.htm?id=602641770611,鞋架简易门外家用门口迷你小号鞋柜经济型省空间进门客厅室外放的,ID：602641770611,¥ 34.17,15152,3,2019-09-10 19:47
https://detail.tmall.com/item.htm?id=594094003184,活动衣柜 组装 简约现代 便捷式厨子易卧室小帆布钢管加厚成人,ID:594094003184 编码:75 90 113,¥ 254.80,21788,2,2019-05-08 17:06
https://detail.tmall.com/item.htm?id=604436626768,移动小茶几带轮茶桌边柜泡茶车实木家用烧水壶茶台茶水架置物架子,ID：604436626768,¥ 189.00,2094,0,2019-09-29 18:04
https://detail.tmall.com/item.htm?id=602683768546,出租屋改造小桌子落地宿舍卧室女生少女收纳书桌书架组合小户型,ID：602683768546,¥ 373.80,1504,0,2019-09-18 16:09
https://detail.tmall.com/item.htm?id=602935865125,小桌子简约租房置物台式电脑桌经济型书桌家用大人书房卧室办公桌,ID：602935865125,¥ 247.80,532,1,2019-09-18 19:32
https://detail.tmall.com/item.htm?id=600766610663,儿童书架实木简约落地收纳矮柜子学生置物架省空间格子书柜经济型,ID：600766610663,¥ 398.00,47611,2,2019-08-12 19:59
https://detail.tmall.com/item.htm?id=602832907638,墙上置物架壁挂书架卧室隔板墙面吊柜客厅电视背景墙壁柜创意酒架,ID：602832907638,¥ 81.90,1099691,0,2019-09-10 18:07
https://detail.tmall.com/item.htm?id=602256297397,北欧日式榻榻米床定制实木床现代简约矮床无床头床租房经济型床架,ID：602256297397,¥ 907.20,14719,0,2019-09-07 20:22
https://detail.tmall.com/item.htm?id=603144906008,网红置物架落地置物书柜展示架房间客厅飘窗小摆件ins极简书架,ID：603144906008,¥ 270.90,6195,2,2019-09-18 17:59
https://detail.tmall.com/item.htm?id=600191752681,儿童房洞洞板墙上置物架桌面收纳架免打孔照片墙卧室北欧墙面装,ID：600191752681,¥ 442.32,218,1,2019-08-10 18:14
https://detail.tmall.com/item.htm?id=603981000326,北欧小创意凳子沙发凳客厅板凳家用方凳矮凳布艺试衣间换鞋凳脚踏,ID：603981000326,¥ 340.20,4607,0,2019-09-29 20:36
https://detail.tmall.com/item.htm?id=602834775772,幼儿园板凳塑料椅子靠背桌椅家用小孩座椅儿童防滑凳子宝宝小椅子,ID：602834775772,¥ 34.65,39507,1,2019-09-10 18:51
https://detail.tmall.com/item.htm?id=603981072199,简易鞋架子门口放家用经济型宿舍多层防尘收纳神器实木欧式小鞋柜,ID：603981072199,¥ 134.40,15712,0,2019-09-29 20:35
https://detail.tmall.com/item.htm?id=603148854095,桌面收纳组合简易钢木放书架多功能北欧多层学生电脑台式桌置物架,ID：603148854095,¥ 203.70,1526,1,2019-09-18 19:22
https://detail.tmall.com/item.htm?id=603974584776,折叠书桌台式电脑桌实木家用学生学习写字桌椅办公桌笔记本小桌子,ID：603974584776,¥ 105.00,9144,0,2019-09-29 18:04
https://detail.tmall.com/item.htm?id=590942450757,麻将桌面象棋桌面双面用桌板折叠收纳桌面餐桌面板台尼麻将桌面,ID:590942450757 编码:003,¥ 153.40,551,2,2019-04-03 14:07
https://detail.tmall.com/item.htm?id=602189940861,包邮简易折叠桌长方形培训桌摆摊桌户外学习书桌会议长条桌餐桌,ID：602189940861,¥ 38.43,2751232,3,2019-09-10 19:16
https://detail.tmall.com/item.htm?id=604229125936,北欧田园超薄翻斗鞋柜简约现代门厅玄关柜门口家用进门衣架鞋架,ID：604229125936,¥ 240.00,2736,0,2019-09-29 21:42
https://detail.tmall.com/item.htm?id=603983612709,电脑台式桌家用经济型钢木书桌简约办公桌子包邮单人桌双人电脑桌,ID：603983612709,¥ 141.12,97195,0,2019-09-29 21:51
https://detail.tmall.com/item.htm?id=588819665895,折叠凳户外旅游地铁板凳小马扎折叠便携式迷你超轻折叠凳椅子,ID:588819665895 编码:1,¥ 39.60,5090,33,2019-03-12 23:55
https://detail.tmall.com/item.htm?id=597380286432,可折叠式小凳子便携带火车旅游椅子迷你收缩板凳随身户外轻小马扎,ID:597380286432 编码:591631495192,¥ 33.60,3570,5,2019-06-24 18:06
https://detail.tmall.com/item.htm?id=598764529419,卫生间洗脚小板凳洗衣服坐的小板凳卫生间洗脚小凳子防滑家用凳子,ID：598764529419,¥ 21.32,884506,2,2019-07-17 22:20
https://detail.tmall.com/item.htm?id=604354108531,镂空收纳架书架简易理发店置物架卧室墙角小型家用铁学生客厅落地,ID：604354108531,¥ 101.30,3103388,0,2019-10-03 16:25
https://detail.tmall.com/item.htm?id=602655327892,电脑显示器增高架桌面书架格架键盘收纳架桌上置物架隔板底座支架,ID：602655327892,¥ 29.84,21021,7,2019-09-07 20:00
https://detail.tmall.com/item.htm?id=602464014055,北欧单人沙发椅迷你布艺现代简约懒人休闲阳台卧室小户型双人沙发,ID：602464014055,¥ 331.80,22456,1,2019-09-07 20:23
https://detail.tmall.com/item.htm?id=602854078114,电脑桌长条办公桌子长方形靠墙书桌简约家用窄桌简易写字台学习桌,ID：602854078114,¥ 163.80,209884,0,2019-09-14 14:19
https://detail.tmall.com/item.htm?id=603983796482,花架子实木落地阶梯家用阳台客厅多层创意花架室内绿萝花盆置物架,ID：603983796482,¥ 115.50,13180,0,2019-09-29 21:51
https://detail.tmall.com/item.htm?id=600751246306,牛角椅小吃甜品店奶茶店休闲咖啡厅音乐餐吧烧烤餐饮快餐桌椅组合,ID：600751246306,¥ 141.90,3264,0,2019-08-12 16:01
https://detail.tmall.com/item.htm?id=602432345135,好尔加厚马桶凳子垫脚凳塑料儿童脚踏凳成人蹲坑蹲便登厕所坐便凳,ID：602432345135,¥ 39.06,76349,1,2019-09-10 18:52
https://detail.tmall.com/item.htm?id=604652867635,简易边桌简约日式实木圆桌子小户型北欧茶几ins风床头桌沙发边几,ID：604652867635,¥ 170.00,90428,0,2019-09-29 21:42
https://detail.tmall.com/item.htm?id=604650067739,简易衣柜单人租房布衣柜实木组装牛津布布艺挂衣柜简约现代经济型,ID：604650067739,¥ 96.60,20971,0,2019-09-29 20:34
https://detail.tmall.com/item.htm?id=602924365437,出租屋改造小桌子租房用的电脑台式桌单人家用简易书桌书架组合,ID：602924365437,¥ 268.80,5192,1,2019-09-18 15:57
https://detail.tmall.com/item.htm?id=602688097748,宿舍70收纳50家用对开门仿实木省空间有门宽60厘米门口鞋柜组装,ID：602688097748,¥ 207.27,41676,1,2019-09-15 11:15
https://detail.tmall.com/item.htm?id=597102210939,休闲茶几圆形茶几桌小台子钢化玻璃边几沙发桌藤艺编织桌子阳台桌,ID：597102210939,¥ 116.00,2858,16,2019-06-20 19:43
https://detail.tmall.com/item.htm?id=602014136034,【两边带拉链】雅锐凡多层组合鞋架防尘简易布鞋柜组装收纳置物架,ID：602014136034,¥ 41.79,8901,1,2019-09-07 20:42
https://detail.tmall.com/item.htm?id=604653263552,北欧花架现代简约客厅装饰架室内置物架实木铁艺落地绿萝吊兰花架,ID：604653263552,¥ 210.00,999999,0,2019-09-29 21:51
https://detail.tmall.com/item.htm?id=602636734733,墙壁折叠桌餐桌壁挂桌挂墙电脑桌厨房桌饭桌学习桌书桌快餐店墙桌,ID：602636734733,¥ 189.00,21952,1,2019-09-10 17:52
https://detail.tmall.com/item.htm?id=602256417228,茶几桌客厅桌子简约现代创意ins沙发边几桌卧室阳台小户型小茶几,ID：602256417228,¥ 161.70,89908,0,2019-09-07 20:21
https://detail.tmall.com/item.htm?id=605885888137,欧式床头柜简约现代储物柜迷你收纳柜卧室床边柜实木北欧客厅边柜,ID:605885888137 编码:001,¥ 296.00,4704,0,2019-10-20 18:22
https://detail.tmall.com/item.htm?id=603983544394,懒人沙发豆袋榻榻米网红款卧室少女心可爱单人椅子地垫小户型躺椅,ID：603983544394,¥ 136.00,209115,0,2019-09-29 21:42
https://detail.tmall.com/item.htm?id=602190484927,花架铁艺多层客厅绿萝阳台多肉花盆架装饰室内落地省空间花架子,ID：602190484927,¥ 79.80,78983,0,2019-09-10 19:29
https://detail.tmall.com/item.htm?id=604353824998,雨伞架铁艺家用创意伞桶北欧多功能门口个性时尚教室放简易简约筒,ID：604353824998,¥ 136.50,5542,0,2019-10-03 16:29
https://detail.tmall.com/item.htm?id=598283945721,包邮家用雨伞架长柄短柄雨伞通用收纳架子办公室带接水盘伞具收纳,ID：598283945721,¥ 77.97,413,6,2019-07-10 22:05
https://detail.tmall.com/item.htm?id=602433857511,铁艺带挂钩办公桌三角花架置物架办公室收纳挂架桌面架阳台转角架,ID：602433857511,¥ 31.50,3454,1,2019-09-10 19:35
https://detail.tmall.com/item.htm?id=602434913161,鞋架宿舍大学生床底寝室简易防尘迷你鞋柜鞋子收纳神器小型省空间,ID：602434913161,¥ 39.90,5558,15,2019-09-10 19:58
https://detail.tmall.com/item.htm?id=598660251481,纳艾森 带锁小柜子带门储物柜单个 迷你家用实木收纳柜桌面储物箱,ID：598660251481,¥ 230.51,3615,1,2019-07-10 22:02
https://detail.tmall.com/item.htm?id=600955587278,放茶杯的小柜子放客厅收纳家用沙发边柜储物柜床头柜客厅窄高,ID：600955587278,¥ 89.58,998,11,2019-08-12 20:04
https://detail.tmall.com/item.htm?id=602180832831,实木台阶多肉花架多层阳台阶梯防腐木质花架子盆栽花盆架鱼缸底座,ID：602180832831,¥ 21.00,4953566,2,2019-09-10 16:10
https://detail.tmall.com/item.htm?id=603144158855,家用客厅靠墙柜子储物柜出租屋碗柜简易出租房收纳柜小户型餐边柜,ID：603144158855,¥ 499.80,2585,0,2019-09-18 17:56
https://detail.tmall.com/item.htm?id=603340991847,椅子ins网红沙发凳小板凳结实加厚小凳子家用大人矮款布艺茶几凳,ID：603340991847,¥ 96.60,4529,0,2019-09-18 17:30
https://detail.tmall.com/item.htm?id=602464354827,北欧鞋柜家用门口大容量简约现代多功能鞋架简易实木色收纳玄关柜,ID：602464354827,¥ 239.40,30095,1,2019-09-07 20:44
https://detail.tmall.com/item.htm?id=604442734943,塑料凳子家用加厚塑料凳高凳板凳朔料登子吃饭用客厅熟胶椅子胶凳,ID：604442734943,¥ 115.50,84872,0,2019-09-29 20:34
https://detail.tmall.com/item.htm?id=600635578115,90/60cm欧式鞋柜宽30门口小鞋柜墙角多层鞋架防尘多功能储物收纳,ID：600635578115,¥ 276.00,4433,1,2019-08-10 21:20
https://detail.tmall.com/item.htm?id=603139006744,女生网红房间布置小桌子卧室少女小型创意ins阳台简约租房小茶几,ID：603139006744,¥ 184.80,6593,0,2019-09-18 16:25
https://detail.tmall.com/item.htm?id=606571735316,上下铺木床大人成年高低床全实木子母床宿舍床儿童床上下床双层床,ID:606571735316 编码:2213,¥ 1058.40,27855,0,2019-10-20 17:47
https://detail.tmall.com/item.htm?id=595977856667,鞋架简易多层家用经济型防尘宿舍门口小鞋架子收纳组装鞋柜省空间,ID：595977856667,¥ 45.08,115773,1,2019-06-08 17:55
https://detail.tmall.com/item.htm?id=603140566496,出租屋改造小家具桌子简约租房置物简易书桌台式电脑桌加书架组合,ID：603140566496,¥ 373.80,516,0,2019-09-18 16:47
https://detail.tmall.com/item.htm?id=604226421723,实木衣架欧式白色卧室落地衣帽挂衣架简约门厅置物架家用衣服挂架,ID：604226421723,¥ 312.90,9003,0,2019-09-29 20:33
https://detail.tmall.com/item.htm?id=602631478748,小凳子布艺圆凳时尚坐墩实木板凳创意矮凳儿童家用换鞋客厅沙发凳,ID：602631478748,¥ 27.09,40458,1,2019-09-10 16:10
https://detail.tmall.com/item.htm?id=602255653148,衣柜简易布衣柜宿舍组装柜子现代简约卧室家用经济型挂衣柜出租房,ID：602255653148,¥ 226.80,3505,0,2019-09-07 20:00
https://detail.tmall.com/item.htm?id=604353232568,电脑椅办公室椅子职员椅学生家用经济型单人休闲靠背舒适办公椅,ID：604353232568,¥ 197.32,197106,0,2019-10-03 16:18
https://detail.tmall.com/item.htm?id=603147950800,小桌子阳台小型创意女生卧室坐地ins少女客厅迷你茶几小户型超窄,ID：603147950800,¥ 184.80,5739,1,2019-09-18 19:15
https://detail.tmall.com/item.htm?id=601558217353,大学生宿舍床上书桌寝室上铺下铺带锁小桌子简易飘窗笔记本电脑桌,ID：601558217353,¥ 198.00,5972,2,2019-08-27 14:28
https://detail.tmall.com/item.htm?id=603335319294,小户型现代简约客厅置物架房间卧室主卧单个简易电视柜极简家具,ID：603335319294,¥ 256.00,2276,1,2019-09-18 15:51
https://detail.tmall.com/item.htm?id=602641529962,34cm白色小书架落地简易窄小型省空间墙角置物架卧室转角飘窗书柜,ID：602641529962,¥ 186.90,7471,1,2019-09-14 13:51
https://detail.tmall.com/item.htm?id=596924673018,定制实木洞洞板货架墙上置物架衣帽架厨房客厅壁挂展木板收纳架,ID：596924673018,¥ 24.00,20507,3,2019-06-20 19:46
https://detail.tmall.com/item.htm?id=606573079987,实木雕花床头柜简约现代中式整装边角储物柜床边收纳柜胡桃海棠色,ID:606573079987 编码:016#,¥ 552.00,1320,0,2019-10-20 18:30
https://detail.tmall.com/item.htm?id=605896414405,简约现代小型迷你床头柜北欧白色ins风超窄款40\30\20\35\45cm宽,ID:605896414405 编码:5528,¥ 353.43,605,0,2019-10-15 22:42
https://detail.tmall.com/item.htm?id=602931613910,置物架落地ins风创意艺术窗台上的书架经济型家用客厅儿童收纳架,ID：602931613910,¥ 144.90,2561,0,2019-09-18 18:15
https://detail.tmall.com/item.htm?id=604644283489,楠竹小茶几桌边几角柜泡茶水架置物架实木客厅饮水机架烧水壶架子,ID：604644283489,¥ 151.20,35695,0,2019-09-29 18:03
https://detail.tmall.com/item.htm?id=604650427338,躺椅折叠午休阳台靠背午睡椅休闲家用便携沙滩老懒人办公室凉椅子,ID：604650427338,¥ 501.90,11498,0,2019-09-29 20:33
https://detail.tmall.com/item.htm?id=602255549247,衣柜简易布艺双人简约现代经济型衣橱折叠单人组装学生宿舍布衣柜,ID：602255549247,¥ 60.90,15526,0,2019-09-07 20:00
https://detail.tmall.com/item.htm?id=600805791302,折叠桌餐桌小户型家用厨房省空间操作台隐形壁挂墙上简易吃饭桌子,ID：600805791302,¥ 440.00,368,0,2019-08-10 16:07
https://detail.tmall.com/item.htm?id=602687969731,超溥鞋柜20cm超薄网红鞋柜家用收纳神器省空间卧室鞋柜小户型,ID：602687969731,¥ 573.30,1267,0,2019-09-15 11:13
https://detail.tmall.com/item.htm?id=601262493889,北欧现代简约塑料椅子家用懒人休闲创意牛角椅靠背咖啡厅餐厅桌椅,ID：601262493889,¥ 150.00,8848,0,2019-08-23 11:02
https://detail.tmall.com/item.htm?id=603137282196,学生书桌椅舒适久坐女生可爱卧室看书舒服的靠背网红椅子抖音同款,ID：603137282196,¥ 298.00,2271,1,2019-09-18 15:51
https://detail.tmall.com/item.htm?id=603980852495,简易实木落地衣帽架客厅卧室简约挂衣架家用衣服架子创意收纳衣架,ID：603980852495,¥ 123.90,4178,0,2019-09-29 20:34
https://detail.tmall.com/item.htm?id=600428517355,北欧ins卧室床头柜简约现代创意小户型沙发边角柜网红收纳置物架,ID：600428517355,¥ 304.64,663,1,2019-08-10 19:07
https://detail.tmall.com/item.htm?id=606363570346,儿童拼接加宽实木延边床简约经济环保型松木简易单人床定制包邮,ID:606363570346 编码:520002,¥ 290.00,7452,0,2019-10-20 19:38
https://detail.tmall.com/item.htm?id=604819670878,书架置物架落地儿童简易书柜子桌上学生小书架客厅书桌面简约实木,ID：604819670878,¥ 329.70,6050,0,2019-10-03 16:27
https://detail.tmall.com/item.htm?id=595942073571,欧式沙发美容院接待小户型组合双人三人客厅布艺服装店办公沙发椅,ID:595942073571 编码:m-043,¥ 776.40,18908,0,2019-06-04 15:27
https://detail.tmall.com/item.htm?id=604445322911,卡通婴幼儿学坐儿童小沙发宝宝沙发椅幼儿园座椅榻榻米防摔可拆洗,ID：604445322911,¥ 119.94,19538,0,2019-09-29 21:42
https://detail.tmall.com/item.htm?id=603983740571,小户型壁挂电视柜挂墙客厅背景墙装饰卧室机顶盒墙上置物架悬挂式,ID：603983740571,¥ 394.80,8854,0,2019-09-29 21:51
https://detail.tmall.com/item.htm?id=602447052138,进门鞋柜家用门口经济型大容量酒柜屏风鞋柜一体靠墙木质多层带门,ID：602447052138,¥ 262.50,107873,1,2019-09-15 11:17
https://detail.tmall.com/item.htm?id=606364274482,实木胡桃木儿童床拼接大床婴儿带护栏加宽边床定做男女孩单人小床,ID:606364274482 编码:A558,¥ 1280.00,10628,1,2019-10-20 19:57
https://detail.tmall.com/item.htm?id=602924221105,网红房间布置小桌子阳台小型创意飘窗小圆桌矮脚卧室坐地ins茶几,ID：602924221105,¥ 238.00,2278,1,2019-09-18 15:51
https://detail.tmall.com/item.htm?id=602935573416,简易书架落地儿童简约收纳书柜经济型小置物架学生家用省空间书橱,ID：602935573416,¥ 94.50,68931,0,2019-09-18 19:30
https://detail.tmall.com/item.htm?id=602445552532,北欧餐边柜靠墙柜子储物柜家用长80 90cm100宽30高木厨房碗柜客厅,ID：602445552532,¥ 205.80,704,1,2019-09-15 10:52
https://detail.tmall.com/item.htm?id=602694720411,书桌书架组合小户型写字桌子租房用的经济型中学生初中生家用简约,ID：602694720411,¥ 237.30,5743,0,2019-09-18 19:29
https://detail.tmall.com/item.htm?id=602657691149,区域围栏藤编儿童隔断装饰栏隔墙折屏幼儿园专用小屏风 可定尺寸,ID：602657691149,¥ 14.70,100064,19,2019-09-07 20:42
https://detail.tmall.com/item.htm?id=602636358744,定制饭店餐厅长方形面馆桌子甜品店小吃店奶茶餐饮店快餐桌椅组合,ID：602636358744,¥ 210.00,106578,1,2019-09-10 17:44
https://detail.tmall.com/item.htm?id=602657147893,欧式实木衣帽架卧室家用室内挂衣架落地酒店衣挂架办公室挂衣架架,ID：602657147893,¥ 138.60,19964,0,2019-09-07 20:42
https://detail.tmall.com/item.htm?id=603144682880,桌子女生卧室梳妆台小型60cm经济型少女收纳租房简约出租屋化妆桌,ID：603144682880,¥ 315.00,6845,0,2019-09-18 18:03
https://detail.tmall.com/item.htm?id=600352704051,沙发床可折叠客厅小户型双人三人两用1.5 1.8米布艺沙发懒人沙发,ID：600352704051,¥ 212.00,13213,1,2019-08-13 04:03
https://detail.tmall.com/item.htm?id=603983616283,简约现代单门衣柜儿童窄小衣柜简易实木衣橱收纳柜 阳台柜 储物柜,ID：603983616283,¥ 336.00,21750,0,2019-09-29 21:42
https://detail.tmall.com/item.htm?id=604820058740,百搭非橡木北欧店面用圆形白色桌椅美容院圆桌椅茶楼小茶几园茶几,ID：604820058740,¥ 336.48,15388,0,2019-10-03 16:29
https://detail.tmall.com/item.htm?id=603141698052,简易床头柜简约现代卧室ins风格出租房专用收纳40cm宽床边小柜子,ID：603141698052,¥ 184.80,2274,0,2019-09-18 16:59
https://detail.tmall.com/item.htm?id=602184748676,洗衣机底座架子垫高不锈钢支架移动万向轮架子波轮全自动冰箱托架,ID：602184748676,¥ 83.79,1185,0,2019-09-10 17:20
https://detail.tmall.com/item.htm?id=600914715634,山东实木马扎子折叠凳椅子便携钓鱼画凳子槐木枣木户外靠背儿童小,ID：600914715634,¥ 25.80,4781,15,2019-08-12 10:12
https://detail.tmall.com/item.htm?id=600815211097,简易布衣柜收纳柜子组合经济型组装塑料租房挂卧室家用小布艺衣橱,ID：600815211097,¥ 198.00,6119,0,2019-08-10 18:25
https://detail.tmall.com/item.htm?id=604603265003,打孔吊挂阳台置物架壁挂墙上壁挂式杂物储物架墙柜书架床头装饰架,ID：604603265003,¥ 102.90,186116,0,2019-10-03 16:31
https://detail.tmall.com/item.htm?id=603095475315,包邮简易餐边柜碗柜厨柜三层组装柜不生锈铝合金柜橱柜厨房收纳柜,ID：603095475315,¥ 75.60,14978,0,2019-09-15 10:57
https://detail.tmall.com/item.htm?id=604355088146,办公电脑桌宿舍卧室书桌台式桌家用卧室没椅子单人小型简约经济型,ID：604355088146,¥ 161.78,81597,0,2019-10-03 16:31
https://detail.tmall.com/item.htm?id=603981016306,儿童学习桌小学生写字桌可升降书桌组合幼儿园家用小孩课桌椅套装,ID：603981016306,¥ 143.61,54361,0,2019-09-29 20:35
https://detail.tmall.com/item.htm?id=602693544389,全自动滚筒洗衣柜置物架落地ins创意空间收纳铁艺上方阳台洗衣柜,ID：602693544389,¥ 352.80,559,0,2019-09-18 19:08
https://detail.tmall.com/item.htm?id=604442882741,躺椅折叠午休睡便携沙滩季夏天凉爽家用休闲靠背懒人沙发折叠椅子,ID：604442882741,¥ 228.90,11273,0,2019-09-29 20:34
https://detail.tmall.com/item.htm?id=602657075969,实木茶几日式小圆桌子咖啡桌北欧小户型茶桌简约沙发边几圆形边桌,ID：602657075969,¥ 121.80,18932,0,2019-09-07 20:43
https://detail.tmall.com/item.htm?id=603981092203,简易衣柜单人小号衣橱宿舍挂衣柜经济型组装钢管布艺布衣柜收纳柜,ID：603981092203,¥ 66.99,8691,0,2019-09-29 20:35
https://detail.tmall.com/item.htm?id=603983788515,包邮书法桌电脑桌简易书桌书画桌办公桌培训桌课桌写字台简约定制,ID：603983788515,¥ 327.60,173192,0,2019-09-29 21:51
https://detail.tmall.com/item.htm?id=602834187622,伊姆斯椅时尚现代简约创意洽谈懒人北欧休闲靠背餐椅ins风书桌椅,ID：602834187622,¥ 87.78,46211,0,2019-09-10 18:35
https://detail.tmall.com/item.htm?id=603342243471,家用换鞋凳式反斗入门鞋柜门口可以坐的穿鞋凳经济型进门换鞋凳柜,ID：603342243471,¥ 304.50,813,2,2019-09-18 17:47
https://detail.tmall.com/item.htm?id=593923122301,平接床加宽拼接神器大床帮边床拼接床边增宽床扩展板简易儿童边榻,ID:593923122301 编码:34,¥ 419.20,9773,1,2019-05-08 17:07
https://detail.tmall.com/item.htm?id=600632806922,美式乡村实木小圆桌子欧式复古雕花咖啡桌阳台圆形拆装做旧茶几,ID：600632806922,¥ 780.00,6574,1,2019-08-10 20:36
https://detail.tmall.com/item.htm?id=602641010325,电视置物架显示器支架电视增高架电视柜电脑桌加高机顶盒搁架烤漆,ID：602641010325,¥ 69.83,19503,2,2019-09-10 19:22
https://detail.tmall.com/item.htm?id=602429517633,实木马扎便携式折叠凳子椅子红木马扎换鞋钓鱼板凳子送老人礼物,ID：602429517633,¥ 92.40,4027,1,2019-09-10 18:01
https://detail.tmall.com/item.htm?id=603347419462,异形书架落地多层收纳置物架经济型省空间个性简约儿童阅读小书柜,ID：603347419462,¥ 180.60,219799,1,2019-09-18 19:31
https://detail.tmall.com/item.htm?id=602186936184,花架仿实木多层绿萝塑料花盆架单个仿古客厅阳台室内落地置物架子,ID：602186936184,¥ 60.90,261545,1,2019-09-10 17:57
https://detail.tmall.com/item.htm?id=602434937156,现代简约塑料椅子北欧餐椅靠背椅家用创意餐桌椅咖啡厅休闲牛角椅,ID：602434937156,¥ 100.80,77592,56,2019-09-10 19:58
https://detail.tmall.com/item.htm?id=591707694194,滑移门小孩子小衣柜收纳柜男孩小型大衣橱木质实木衣柜小户型大柜,ID：591707694194,¥ 248.00,150059,1,2019-04-11 21:12
https://detail.tmall.com/item.htm?id=602180760945,梳妆凳现代简约化妆凳客厅坐凳换鞋凳卧室梳妆台凳子皮布艺美甲凳,ID：602180760945,¥ 73.08,6490,1,2019-09-10 16:11
https://detail.tmall.com/item.htm?id=602430229499,圆角亮光烤漆加厚搁板墙上一字隔板置物架装饰架书架壁挂架可定制,ID：602430229499,¥ 28.98,1003845,1,2019-09-10 18:16
https://detail.tmall.com/item.htm?id=602637010726,阳台花架子实木多层阶梯家用落地式铁艺室内客厅多肉植物花盆架子,ID：602637010726,¥ 46.20,62470,0,2019-09-10 17:58
https://detail.tmall.com/item.htm?id=602638250181,定做实木折叠拼接床加宽床加长床松木床架儿童单人床可定做床边床,ID：602638250181,¥ 168.00,16976,2,2019-09-10 18:15
https://detail.tmall.com/item.htm?id=602631890290,折叠桌餐桌家用小桌子吃饭桌简易小型折叠桌椅便携摆摊桌宿舍方桌,ID：602631890290,¥ 61.74,534474,1,2019-09-10 16:11
https://detail.tmall.com/item.htm?id=602188868315,书架简易桌上迷你学生用经济宿舍伸缩省空间实木办公室书桌收纳架,ID：602188868315,¥ 37.80,20038,2,2019-09-10 18:41
https://detail.tmall.com/item.htm?id=602432265576,雨伞架收纳家用酒店大堂商用雨伞桶进门口放置筒神器挂放伞的架子,ID：602432265576,¥ 102.90,16983,0,2019-09-10 18:59
https://detail.tmall.com/item.htm?id=604353732871,折叠床单人1.2米午休床便携式钢管办公室可移动家庭条纹儿童床,ID：604353732871,¥ 162.16,190800,0,2019-10-03 16:27
